,state,date,lat,lon,state_abbrev,month,chip_enrollment,chip_change
0,Alaska,2017-06-01,61.385,-152.2683,AK,2017-06,12454.0,0.0
1,Alaska,2017-07-01,61.385,-152.2683,AK,2017-07,12605.0,0.012124618596434988
2,Alaska,2017-08-01,61.385,-152.2683,AK,2017-08,12763.0,0.024811305604625078
3,Alaska,2017-09-01,61.385,-152.2683,AK,2017-09,12602.0,0.011883732134253977
4,Alaska,2017-10-01,61.385,-152.2683,AK,2017-10,12963.0,0.04087040308334666
5,Alaska,2017-11-01,61.385,-152.2683,AK,2017-11,12802.0,0.027942829612975784
6,Alaska,2017-12-01,61.385,-152.2683,AK,2017-12,12919.0,0.0373374016380279
7,Alaska,2018-01-01,61.385,-152.2683,AK,2018-01,13141.0,0.05516299983940898
8,Alaska,2018-02-01,61.385,-152.2683,AK,2018-02,13163.0,0.05692950056206847
9,Alaska,2018-03-01,61.385,-152.2683,AK,2018-03,13280.0,0.06632407258712059
10,Alaska,2018-04-01,61.385,-152.2683,AK,2018-04,13293.0,0.06736791392323749
11,Alaska,2018-05-01,61.385,-152.2683,AK,2018-05,13403.0,0.0762004175365345
12,Alaska,2018-06-01,61.385,-152.2683,AK,2018-06,13729.0,0.1023767464268508
13,Alaska,2018-07-01,61.385,-152.2683,AK,2018-07,13803.0,0.1083186124939779
14,Alaska,2018-08-01,61.385,-152.2683,AK,2018-08,13757.0,0.10462502007387187
15,Alaska,2018-09-01,61.385,-152.2683,AK,2018-09,13915.0,0.11731170708206196
16,Alaska,2018-10-01,61.385,-152.2683,AK,2018-10,14385.0,0.1550505861570579
17,Alaska,2018-11-01,61.385,-152.2683,AK,2018-11,14835.0,0.19118355548418187
18,Alaska,2018-12-01,61.385,-152.2683,AK,2018-12,14835.0,0.19118355548418187
19,Alaska,2019-01-01,61.385,-152.2683,AK,2019-01,15137.0,0.21543279267705162
20,Alaska,2019-02-01,61.385,-152.2683,AK,2019-02,15378.0,0.23478400513891118
21,Alaska,2019-03-01,61.385,-152.2683,AK,2019-03,15396.0,0.23622932391199614
22,Alaska,2019-04-01,61.385,-152.2683,AK,2019-04,15448.0,0.24040468925646374
23,Alaska,2019-05-01,61.385,-152.2683,AK,2019-05,15565.0,0.24979926128151608
24,Alabama,2017-06-01,32.799,-86.8073,AL,2017-06,153485.0,0.0
25,Alabama,2017-07-01,32.799,-86.8073,AL,2017-07,154070.0,0.003811447372707333
26,Alabama,2017-08-01,32.799,-86.8073,AL,2017-08,155549.0,0.01344756816627024
27,Alabama,2017-09-01,32.799,-86.8073,AL,2017-09,158144.0,0.03035475779392116
28,Alabama,2017-10-01,32.799,-86.8073,AL,2017-10,159080.0,0.03645307359025307
29,Alabama,2017-11-01,32.799,-86.8073,AL,2017-11,172664.0,0.12495683617291586
30,Alabama,2017-12-01,32.799,-86.8073,AL,2017-12,169741.0,0.10591262989868722
31,Alabama,2018-01-01,32.799,-86.8073,AL,2018-01,172500.0,0.123888327849627
32,Alabama,2018-02-01,32.799,-86.8073,AL,2018-02,175921.0,0.14617715086164762
33,Alabama,2018-03-01,32.799,-86.8073,AL,2018-03,176135.0,0.14757142391764666
34,Alabama,2018-04-01,32.799,-86.8073,AL,2018-04,175462.0,0.14318663061536951
35,Alabama,2018-05-01,32.799,-86.8073,AL,2018-05,171306.0,0.11610906603251125
36,Alabama,2018-06-01,32.799,-86.8073,AL,2018-06,170836.0,0.11304687754503706
37,Alabama,2018-07-01,32.799,-86.8073,AL,2018-07,169023.0,0.10123464833697104
38,Alabama,2018-08-01,32.799,-86.8073,AL,2018-08,171013.0,0.11420008469883047
39,Alabama,2018-09-01,32.799,-86.8073,AL,2018-09,171556.0,0.11773788969606147
40,Alabama,2018-10-01,32.799,-86.8073,AL,2018-10,173001.0,0.12715249047138166
41,Alabama,2018-11-01,32.799,-86.8073,AL,2018-11,167896.0,0.09389191126168672
42,Alabama,2018-12-01,32.799,-86.8073,AL,2018-12,172669.0,0.12498941264618701
43,Alabama,2019-01-01,32.799,-86.8073,AL,2019-01,173221.0,0.12858585529530564
44,Alabama,2019-02-01,32.799,-86.8073,AL,2019-02,169528.0,0.1045248721373424
45,Alabama,2019-03-01,32.799,-86.8073,AL,2019-03,173379.0,0.12961527185066934
46,Alabama,2019-04-01,32.799,-86.8073,AL,2019-04,172620.0,0.12467016320813107
47,Alabama,2019-05-01,32.799,-86.8073,AL,2019-05,170608.0,0.11156139036387924
48,Arkansas,2017-06-01,34.9513,-92.3809,AR,2017-06,79706.0,0.0
49,Arkansas,2017-07-01,34.9513,-92.3809,AR,2017-07,80213.0,0.006360876220108835
50,Arkansas,2017-08-01,34.9513,-92.3809,AR,2017-08,80464.0,0.00950994906280589
51,Arkansas,2017-09-01,34.9513,-92.3809,AR,2017-09,80933.0,0.01539407321908004
52,Arkansas,2017-10-01,34.9513,-92.3809,AR,2017-10,81498.0,0.022482623641884025
53,Arkansas,2017-11-01,34.9513,-92.3809,AR,2017-11,82000.0,0.02878076932727769
54,Arkansas,2017-12-01,34.9513,-92.3809,AR,2017-12,82209.0,0.03140290567836801
55,Arkansas,2018-01-01,34.9513,-92.3809,AR,2018-01,81849.0,0.026886307178882296
56,Arkansas,2018-02-01,34.9513,-92.3809,AR,2018-02,82251.0,0.03192984216997474
57,Arkansas,2018-03-01,34.9513,-92.3809,AR,2018-03,82902.0,0.040097357789877774
58,Arkansas,2018-04-01,34.9513,-92.3809,AR,2018-04,83001.0,0.04133942237723631
59,Arkansas,2018-05-01,34.9513,-92.3809,AR,2018-05,82333.0,0.03295862293930196
60,Arkansas,2018-06-01,34.9513,-92.3809,AR,2018-06,83390.0,0.04621985797806949
61,Arkansas,2018-07-01,34.9513,-92.3809,AR,2018-07,83111.0,0.042719494140968095
62,Arkansas,2018-08-01,34.9513,-92.3809,AR,2018-08,83934.0,0.053044940155069886
63,Arkansas,2018-09-01,34.9513,-92.3809,AR,2018-09,83731.0,0.05049808044563764
64,Arkansas,2018-10-01,34.9513,-92.3809,AR,2018-10,83731.0,0.05049808044563764
65,Arkansas,2018-11-01,34.9513,-92.3809,AR,2018-11,86737.0,0.08821167791634266
66,Arkansas,2018-12-01,34.9513,-92.3809,AR,2018-12,85481.0,0.07245376759591493
67,Arkansas,2019-01-01,34.9513,-92.3809,AR,2019-01,88048.0,0.10465962411863594
68,Arkansas,2019-02-01,34.9513,-92.3809,AR,2019-02,89274.0,0.12004115123077308
69,Arkansas,2019-03-01,34.9513,-92.3809,AR,2019-03,89558.0,0.12360424560258942
70,Arkansas,2019-04-01,34.9513,-92.3809,AR,2019-04,89668.0,0.12498431736632121
71,Arkansas,2019-05-01,34.9513,-92.3809,AR,2019-05,88902.0,0.11537399944797122
72,Arizona,2017-06-01,14.2417,-170.7197,AZ,2017-06,95206.0,0.0
73,Arizona,2017-07-01,14.2417,-170.7197,AZ,2017-07,95962.0,0.007940676007814673
74,Arizona,2017-08-01,14.2417,-170.7197,AZ,2017-08,96089.0,0.009274625548809867
75,Arizona,2017-09-01,14.2417,-170.7197,AZ,2017-09,96125.0,0.009652752977753476
76,Arizona,2017-10-01,14.2417,-170.7197,AZ,2017-10,97855.0,0.027823876646429824
77,Arizona,2017-11-01,14.2417,-170.7197,AZ,2017-11,97389.0,0.02292922714954937
78,Arizona,2017-12-01,14.2417,-170.7197,AZ,2017-12,96759.0,0.016311997143037216
79,Arizona,2018-01-01,14.2417,-170.7197,AZ,2018-01,93414.0,-0.01882234312963471
80,Arizona,2018-02-01,14.2417,-170.7197,AZ,2018-02,93927.0,-0.013434027267189008
81,Arizona,2018-03-01,14.2417,-170.7197,AZ,2018-03,96855.0,0.017320336953553284
82,Arizona,2018-04-01,14.2417,-170.7197,AZ,2018-04,99702.0,0.047223914459172844
83,Arizona,2018-05-01,14.2417,-170.7197,AZ,2018-05,98492.0,0.03451463143079225
84,Arizona,2018-06-01,14.2417,-170.7197,AZ,2018-06,98761.0,0.03734008360817587
85,Arizona,2018-07-01,14.2417,-170.7197,AZ,2018-07,99749.0,0.04771758082473787
86,Arizona,2018-08-01,14.2417,-170.7197,AZ,2018-08,100159.0,0.05202403209881723
87,Arizona,2018-09-01,14.2417,-170.7197,AZ,2018-09,104919.0,0.10202088103690943
88,Arizona,2018-10-01,14.2417,-170.7197,AZ,2018-10,102384.0,0.07539440791546759
89,Arizona,2018-11-01,14.2417,-170.7197,AZ,2018-11,102220.0,0.07367182740583567
90,Arizona,2018-12-01,14.2417,-170.7197,AZ,2018-12,102983.0,0.08168602819150061
91,Arizona,2019-01-01,14.2417,-170.7197,AZ,2019-01,103840.0,0.09068756170829562
92,Arizona,2019-02-01,14.2417,-170.7197,AZ,2019-02,104571.0,0.09836564922378832
93,Arizona,2019-03-01,14.2417,-170.7197,AZ,2019-03,104382.0,0.09638048022183465
94,Arizona,2019-04-01,14.2417,-170.7197,AZ,2019-04,103141.0,0.08334558746297493
95,Arizona,2019-05-01,14.2417,-170.7197,AZ,2019-05,101573.0,0.06687603722454472
96,California,2017-06-01,33.7712,-111.3877,CA,2017-06,1288447.0,0.0
97,California,2017-07-01,33.7712,-111.3877,CA,2017-07,1278622.0,-0.007625459176823002
98,California,2017-08-01,33.7712,-111.3877,CA,2017-08,1300715.0,0.009521540272902085
99,California,2017-09-01,33.7712,-111.3877,CA,2017-09,1295211.0,0.00524973087756031
100,California,2017-10-01,33.7712,-111.3877,CA,2017-10,1296237.0,0.006046038370224105
101,California,2017-11-01,33.7712,-111.3877,CA,2017-11,1291611.0,0.002455669499793256
102,California,2017-12-01,33.7712,-111.3877,CA,2017-12,1295707.0,0.005634690445163848
103,California,2018-01-01,33.7712,-111.3877,CA,2018-01,1300582.0,0.009418315227556873
104,California,2018-02-01,33.7712,-111.3877,CA,2018-02,1317347.0,0.022430103838186666
105,California,2018-03-01,33.7712,-111.3877,CA,2018-03,1317035.0,0.02218795185211353
106,California,2018-04-01,33.7712,-111.3877,CA,2018-04,1316781.0,0.021990815299348654
107,California,2018-05-01,33.7712,-111.3877,CA,2018-05,1312237.0,0.01846408893807827
108,California,2018-06-01,33.7712,-111.3877,CA,2018-06,1308792.0,0.015790327425187156
109,California,2018-07-01,33.7712,-111.3877,CA,2018-07,1310504.0,0.017119058835947554
110,California,2018-08-01,33.7712,-111.3877,CA,2018-08,1308428.0,0.015507816774768424
111,California,2018-09-01,33.7712,-111.3877,CA,2018-09,1295682.0,0.0056152872411514565
112,California,2018-10-01,33.7712,-111.3877,CA,2018-10,1305036.0,0.012875190054383312
113,California,2018-11-01,33.7712,-111.3877,CA,2018-11,1292777.0,0.003360634934925555
114,California,2018-12-01,33.7712,-111.3877,CA,2018-12,1302373.0,0.010808360762996072
115,California,2019-01-01,33.7712,-111.3877,CA,2019-01,1293571.0,0.0039768806943552
116,California,2019-02-01,33.7712,-111.3877,CA,2019-02,1310759.0,0.017316971516872615
117,California,2019-03-01,33.7712,-111.3877,CA,2019-03,1313436.0,0.01939466660250666
118,California,2019-04-01,33.7712,-111.3877,CA,2019-04,1303851.0,0.011955478184201507
119,California,2019-05-01,33.7712,-111.3877,CA,2019-05,1300583.0,0.00941909135571728
120,Colorado,2017-06-01,36.17,-119.7462,CO,2017-06,74513.0,0.0
121,Colorado,2017-07-01,36.17,-119.7462,CO,2017-07,75094.0,0.007797297115939461
122,Colorado,2017-08-01,36.17,-119.7462,CO,2017-08,75836.0,0.017755291023042963
123,Colorado,2017-09-01,36.17,-119.7462,CO,2017-09,75048.0,0.007179955175606878
124,Colorado,2017-10-01,36.17,-119.7462,CO,2017-10,75406.0,0.011984485928629995
125,Colorado,2017-11-01,36.17,-119.7462,CO,2017-11,75867.0,0.018171325808919336
126,Colorado,2017-12-01,36.17,-119.7462,CO,2017-12,75861.0,0.01809080294713672
127,Colorado,2018-01-01,36.17,-119.7462,CO,2018-01,76756.0,0.03010212982969418
128,Colorado,2018-02-01,36.17,-119.7462,CO,2018-02,82518.0,0.10743091809482919
129,Colorado,2018-03-01,36.17,-119.7462,CO,2018-03,84501.0,0.1340437239139478
130,Colorado,2018-04-01,36.17,-119.7462,CO,2018-04,90311.0,0.21201669507334286
131,Colorado,2018-05-01,36.17,-119.7462,CO,2018-05,90818.0,0.2188208768939648
132,Colorado,2018-06-01,36.17,-119.7462,CO,2018-06,82449.0,0.10650490518433031
133,Colorado,2018-07-01,36.17,-119.7462,CO,2018-07,83011.0,0.11404721323795841
134,Colorado,2018-08-01,36.17,-119.7462,CO,2018-08,81955.0,0.09987518956423713
135,Colorado,2018-09-01,36.17,-119.7462,CO,2018-09,80329.0,0.07805349402117745
136,Colorado,2018-10-01,36.17,-119.7462,CO,2018-10,80294.0,0.07758377732744615
137,Colorado,2018-11-01,36.17,-119.7462,CO,2018-11,82533.0,0.1076322252492854
138,Colorado,2018-12-01,36.17,-119.7462,CO,2018-12,80005.0,0.07370525948492213
139,Colorado,2019-01-01,36.17,-119.7462,CO,2019-01,80219.0,0.07657724155516488
140,Colorado,2019-02-01,36.17,-119.7462,CO,2019-02,81252.0,0.09044059425871986
141,Colorado,2019-03-01,36.17,-119.7462,CO,2019-03,81848.0,0.09843919852911576
142,Colorado,2019-04-01,36.17,-119.7462,CO,2019-04,83508.0,0.12071719028894279
143,Colorado,2019-05-01,36.17,-119.7462,CO,2019-05,83961.0,0.12679666635352227
144,Connecticut,2017-06-01,39.0646,-105.3272,CT,2017-06,17597.0,0.0
145,Connecticut,2017-07-01,39.0646,-105.3272,CT,2017-07,17331.0,-0.015116212990850753
146,Connecticut,2017-08-01,39.0646,-105.3272,CT,2017-08,17495.0,-0.005796442575438987
147,Connecticut,2017-09-01,39.0646,-105.3272,CT,2017-09,17735.0,0.007842245837358597
148,Connecticut,2017-10-01,39.0646,-105.3272,CT,2017-10,17740.0,0.008126385179291873
149,Connecticut,2017-11-01,39.0646,-105.3272,CT,2017-11,18226.0,0.035744729215207105
150,Connecticut,2017-12-01,39.0646,-105.3272,CT,2017-12,18363.0,0.043530147184179135
151,Connecticut,2018-01-01,39.0646,-105.3272,CT,2018-01,18059.0,0.026254475194635418
152,Connecticut,2018-02-01,39.0646,-105.3272,CT,2018-02,17717.0,0.006819344206398847
153,Connecticut,2018-03-01,39.0646,-105.3272,CT,2018-03,17460.0,-0.00778541796897203
154,Connecticut,2018-04-01,39.0646,-105.3272,CT,2018-04,18055.0,0.02602716372108893
155,Connecticut,2018-05-01,39.0646,-105.3272,CT,2018-05,18167.0,0.03239188498039436
156,Connecticut,2018-06-01,39.0646,-105.3272,CT,2018-06,18613.0,0.05773711428084338
157,Connecticut,2018-07-01,39.0646,-105.3272,CT,2018-07,18719.0,0.06376086832982897
158,Connecticut,2018-08-01,39.0646,-105.3272,CT,2018-08,18731.0,0.06444280275046887
159,Connecticut,2018-09-01,39.0646,-105.3272,CT,2018-09,18709.0,0.06319258964596242
160,Connecticut,2018-10-01,39.0646,-105.3272,CT,2018-10,18942.0,0.07643348298005348
161,Connecticut,2018-11-01,39.0646,-105.3272,CT,2018-11,19416.0,0.1033698925953288
162,Connecticut,2018-12-01,39.0646,-105.3272,CT,2018-12,19874.0,0.1293970563164175
163,Connecticut,2019-01-01,39.0646,-105.3272,CT,2019-01,20117.0,0.14320622833437513
164,Connecticut,2019-02-01,39.0646,-105.3272,CT,2019-02,19984.0,0.1356481218389498
165,Connecticut,2019-03-01,39.0646,-105.3272,CT,2019-03,19788.0,0.12450985963516503
166,Connecticut,2019-04-01,39.0646,-105.3272,CT,2019-04,19675.0,0.11808831050747282
167,Connecticut,2019-05-01,39.0646,-105.3272,CT,2019-05,19793.0,0.12479399897709831
168,District of Columbia,2017-06-01,41.5834,-72.7622,DC,2017-06,9702.0,0.0
169,District of Columbia,2017-07-01,41.5834,-72.7622,DC,2017-07,10630.0,0.09565038136466697
170,District of Columbia,2017-08-01,41.5834,-72.7622,DC,2017-08,11474.0,0.18264275407132557
171,District of Columbia,2017-09-01,41.5834,-72.7622,DC,2017-09,11465.0,0.18171511028653886
172,District of Columbia,2017-10-01,41.5834,-72.7622,DC,2017-10,11800.0,0.21624407338693064
173,District of Columbia,2017-11-01,41.5834,-72.7622,DC,2017-11,11915.0,0.228097299525871
174,District of Columbia,2017-12-01,41.5834,-72.7622,DC,2017-12,12141.0,0.25139146567718007
175,District of Columbia,2018-01-01,41.5834,-72.7622,DC,2018-01,12466.0,0.2848897134611421
176,District of Columbia,2018-02-01,41.5834,-72.7622,DC,2018-02,12858.0,0.32529375386518233
177,District of Columbia,2018-03-01,41.5834,-72.7622,DC,2018-03,12982.0,0.3380746237889094
178,District of Columbia,2018-04-01,41.5834,-72.7622,DC,2018-04,13254.0,0.3661100803957946
179,District of Columbia,2018-05-01,41.5834,-72.7622,DC,2018-05,13643.0,0.40620490620490624
180,District of Columbia,2018-06-01,41.5834,-72.7622,DC,2018-06,14072.0,0.4504225932797361
181,District of Columbia,2018-07-01,41.5834,-72.7622,DC,2018-07,15413.0,0.5886415172129458
182,District of Columbia,2018-08-01,41.5834,-72.7622,DC,2018-08,15598.0,0.6077097505668934
183,District of Columbia,2018-09-01,41.5834,-72.7622,DC,2018-09,15773.0,0.6257472686044114
184,District of Columbia,2018-10-01,41.5834,-72.7622,DC,2018-10,16265.0,0.6764584621727479
185,District of Columbia,2018-11-01,41.5834,-72.7622,DC,2018-11,16314.0,0.681508967223253
186,District of Columbia,2018-12-01,41.5834,-72.7622,DC,2018-12,16490.0,0.6996495567924139
187,District of Columbia,2019-01-01,41.5834,-72.7622,DC,2019-01,16223.0,0.6721294578437436
188,District of Columbia,2019-02-01,41.5834,-72.7622,DC,2019-02,16451.0,0.6956297670583385
189,District of Columbia,2019-03-01,41.5834,-72.7622,DC,2019-03,16642.0,0.7153164296021439
190,District of Columbia,2019-04-01,41.5834,-72.7622,DC,2019-04,16816.0,0.733250876108019
191,District of Columbia,2019-05-01,41.5834,-72.7622,DC,2019-05,16849.0,0.7366522366522366
192,Delaware,2017-06-01,38.8964,-77.0262,DE,2017-06,11291.0,0.0
193,Delaware,2017-07-01,38.8964,-77.0262,DE,2017-07,11275.0,-0.0014170578336728523
194,Delaware,2017-08-01,38.8964,-77.0262,DE,2017-08,11254.0,-0.00327694624036845
195,Delaware,2017-09-01,38.8964,-77.0262,DE,2017-09,11332.0,0.00363121069878658
196,Delaware,2017-10-01,38.8964,-77.0262,DE,2017-10,11390.0,0.008768045345850739
197,Delaware,2017-11-01,38.8964,-77.0262,DE,2017-11,11337.0,0.0040740412718094365
198,Delaware,2017-12-01,38.8964,-77.0262,DE,2017-12,11339.0,0.004251173501018446
199,Delaware,2018-01-01,38.8964,-77.0262,DE,2018-01,11352.0,0.005402532990877784
200,Delaware,2018-02-01,38.8964,-77.0262,DE,2018-02,11299.0,0.0007085289168364817
201,Delaware,2018-03-01,38.8964,-77.0262,DE,2018-03,11148.0,-0.012664954388450944
202,Delaware,2018-04-01,38.8964,-77.0262,DE,2018-04,10970.0,-0.02842972278806133
203,Delaware,2018-05-01,38.8964,-77.0262,DE,2018-05,10952.0,-0.03002391285094319
204,Delaware,2018-06-01,38.8964,-77.0262,DE,2018-06,10990.0,-0.026658400495970236
205,Delaware,2018-07-01,38.8964,-77.0262,DE,2018-07,11052.0,-0.021167301390487947
206,Delaware,2018-08-01,38.8964,-77.0262,DE,2018-08,11124.0,-0.014790541138960278
207,Delaware,2018-09-01,38.8964,-77.0262,DE,2018-09,11154.0,-0.012133557700823694
208,Delaware,2018-10-01,38.8964,-77.0262,DE,2018-10,11305.0,0.001239925604463732
209,Delaware,2018-11-01,38.8964,-77.0262,DE,2018-11,11405.0,0.010096537064918865
210,Delaware,2018-12-01,38.8964,-77.0262,DE,2018-12,11450.0,0.014082012222123907
211,Delaware,2019-01-01,38.8964,-77.0262,DE,2019-01,11484.0,0.01709326011867862
212,Delaware,2019-02-01,38.8964,-77.0262,DE,2019-02,11504.0,0.018864582410769604
213,Delaware,2019-03-01,38.8964,-77.0262,DE,2019-03,11457.0,0.014701975024355773
214,Delaware,2019-04-01,38.8964,-77.0262,DE,2019-04,11238.0,-0.0046940040740413025
215,Delaware,2019-05-01,38.8964,-77.0262,DE,2019-05,11186.0,-0.00929944203347799
216,Florida,2017-06-01,39.3498,-75.5148,FL,2017-06,195119.0,0.0
217,Florida,2017-07-01,39.3498,-75.5148,FL,2017-07,195641.0,0.002675290463768354
218,Florida,2017-08-01,39.3498,-75.5148,FL,2017-08,196698.0,0.008092497399023069
219,Florida,2017-09-01,39.3498,-75.5148,FL,2017-09,198605.0,0.01786602022355588
220,Florida,2017-10-01,39.3498,-75.5148,FL,2017-10,195249.0,0.0006662600771836225
221,Florida,2017-11-01,39.3498,-75.5148,FL,2017-11,200842.0,0.02933081862863185
222,Florida,2017-12-01,39.3498,-75.5148,FL,2017-12,199511.0,0.022509340453774396
223,Florida,2018-01-01,39.3498,-75.5148,FL,2018-01,197644.0,0.012940820729913538
224,Florida,2018-02-01,39.3498,-75.5148,FL,2018-02,201022.0,0.03025333258165519
225,Florida,2018-03-01,39.3498,-75.5148,FL,2018-03,203448.0,0.04268677063740589
226,Florida,2018-04-01,39.3498,-75.5148,FL,2018-04,208107.0,0.06656450678816528
227,Florida,2018-05-01,39.3498,-75.5148,FL,2018-05,211035.0,0.08157073375734814
228,Florida,2018-06-01,39.3498,-75.5148,FL,2018-06,213335.0,0.09335841204598228
229,Florida,2018-07-01,39.3498,-75.5148,FL,2018-07,216350.0,0.10881052075912656
230,Florida,2018-08-01,39.3498,-75.5148,FL,2018-08,220608.0,0.13063310082565005
231,Florida,2018-09-01,39.3498,-75.5148,FL,2018-09,224955.0,0.1529118127911684
232,Florida,2018-10-01,39.3498,-75.5148,FL,2018-10,224861.0,0.15243005550458943
233,Florida,2018-11-01,39.3498,-75.5148,FL,2018-11,226942.0,0.16309534181704488
234,Florida,2018-12-01,39.3498,-75.5148,FL,2018-12,226442.0,0.16053280305864637
235,Florida,2019-01-01,39.3498,-75.5148,FL,2019-01,229377.0,0.17557490557044675
236,Florida,2019-02-01,39.3498,-75.5148,FL,2019-02,233512.0,0.19676710110240414
237,Florida,2019-03-01,39.3498,-75.5148,FL,2019-03,232229.0,0.19019162664835298
238,Florida,2019-04-01,39.3498,-75.5148,FL,2019-04,235332.0,0.20609474218297552
239,Florida,2019-05-01,39.3498,-75.5148,FL,2019-05,236954.0,0.214407617915221
240,Georgia,2017-06-01,27.8333,-81.717,GA,2017-06,180906.0,0.0
241,Georgia,2017-07-01,27.8333,-81.717,GA,2017-07,169839.0,-0.06117541706742724
242,Georgia,2017-08-01,27.8333,-81.717,GA,2017-08,177445.0,-0.019131482648447218
243,Georgia,2017-09-01,27.8333,-81.717,GA,2017-09,177349.0,-0.019662144981371532
244,Georgia,2017-10-01,27.8333,-81.717,GA,2017-10,183179.0,0.012564536278509175
245,Georgia,2017-11-01,27.8333,-81.717,GA,2017-11,187143.0,0.034476468442174335
246,Georgia,2017-12-01,27.8333,-81.717,GA,2017-12,186745.0,0.03227643085359255
247,Georgia,2018-01-01,27.8333,-81.717,GA,2018-01,195654.0,0.08152300089549258
248,Georgia,2018-02-01,27.8333,-81.717,GA,2018-02,197389.0,0.09111361701657206
249,Georgia,2018-03-01,27.8333,-81.717,GA,2018-03,207511.0,0.14706532674427608
250,Georgia,2018-04-01,27.8333,-81.717,GA,2018-04,203407.0,0.124379512011763
251,Georgia,2018-05-01,27.8333,-81.717,GA,2018-05,204014.0,0.12773484572098215
252,Georgia,2018-06-01,27.8333,-81.717,GA,2018-06,207214.0,0.14542359015179152
253,Georgia,2018-07-01,27.8333,-81.717,GA,2018-07,210891.0,0.16574906304931836
254,Georgia,2018-08-01,27.8333,-81.717,GA,2018-08,209568.0,0.15843587277370563
255,Georgia,2018-09-01,27.8333,-81.717,GA,2018-09,207140.0,0.14501453793682906
256,Georgia,2018-10-01,27.8333,-81.717,GA,2018-10,206684.0,0.14249389185543881
257,Georgia,2018-11-01,27.8333,-81.717,GA,2018-11,210022.0,0.16094546338982685
258,Georgia,2018-12-01,27.8333,-81.717,GA,2018-12,212880.0,0.17674372325959342
259,Georgia,2019-01-01,27.8333,-81.717,GA,2019-01,209924.0,0.16040374559163317
260,Georgia,2019-02-01,27.8333,-81.717,GA,2019-02,216663.0,0.19765513581639094
261,Georgia,2019-03-01,27.8333,-81.717,GA,2019-03,214468.0,0.1855217626833825
262,Georgia,2019-04-01,27.8333,-81.717,GA,2019-04,207634.0,0.14774523785833527
263,Georgia,2019-05-01,27.8333,-81.717,GA,2019-05,209449.0,0.15777807259018495
264,Hawaii,2017-06-01,32.9866,-83.6487,HI,2017-06,23788.0,0.0
265,Hawaii,2017-07-01,32.9866,-83.6487,HI,2017-07,23879.0,0.003825458214225641
266,Hawaii,2017-08-01,32.9866,-83.6487,HI,2017-08,23954.0,0.006978308390785282
267,Hawaii,2017-09-01,32.9866,-83.6487,HI,2017-09,24002.0,0.008996132503783505
268,Hawaii,2017-10-01,32.9866,-83.6487,HI,2017-10,24246.0,0.019253405078190733
269,Hawaii,2017-11-01,32.9866,-83.6487,HI,2017-11,24660.0,0.0366571380527998
270,Hawaii,2017-12-01,32.9866,-83.6487,HI,2017-12,24665.0,0.03686732806457038
271,Hawaii,2018-01-01,32.9866,-83.6487,HI,2018-01,24875.0,0.04569530855893733
272,Hawaii,2018-02-01,32.9866,-83.6487,HI,2018-02,24981.0,0.050151336808474944
273,Hawaii,2018-03-01,32.9866,-83.6487,HI,2018-03,24897.0,0.046620144610728165
274,Hawaii,2018-04-01,32.9866,-83.6487,HI,2018-04,24673.0,0.03720363208340349
275,Hawaii,2018-05-01,32.9866,-83.6487,HI,2018-05,24380.0,0.02488649739364379
276,Hawaii,2018-06-01,32.9866,-83.6487,HI,2018-06,24751.0,0.04048259626702544
277,Hawaii,2018-07-01,32.9866,-83.6487,HI,2018-07,24883.0,0.04603161257777022
278,Hawaii,2018-08-01,32.9866,-83.6487,HI,2018-08,24969.0,0.04964688078022528
279,Hawaii,2018-09-01,32.9866,-83.6487,HI,2018-09,25013.0,0.051496552883806945
280,Hawaii,2018-10-01,32.9866,-83.6487,HI,2018-10,24996.0,0.050781906843786695
281,Hawaii,2018-11-01,32.9866,-83.6487,HI,2018-11,25127.0,0.05628888515217767
282,Hawaii,2018-12-01,32.9866,-83.6487,HI,2018-12,25203.0,0.05948377333109134
283,Hawaii,2019-01-01,32.9866,-83.6487,HI,2019-01,25274.0,0.062468471498234424
284,Hawaii,2019-02-01,32.9866,-83.6487,HI,2019-02,25538.0,0.07356650411972421
285,Hawaii,2019-03-01,32.9866,-83.6487,HI,2019-03,25347.0,0.06553724567008579
286,Hawaii,2019-04-01,32.9866,-83.6487,HI,2019-04,25591.0,0.07579451824449301
287,Hawaii,2019-05-01,32.9866,-83.6487,HI,2019-05,25417.0,0.06847990583487462
288,Iowa,2017-06-01,21.1098,-157.5311,IA,2017-06,62351.0,0.0
289,Iowa,2017-07-01,21.1098,-157.5311,IA,2017-07,62530.0,0.0028708440923159717
290,Iowa,2017-08-01,21.1098,-157.5311,IA,2017-08,63234.0,0.014161761639749137
291,Iowa,2017-09-01,21.1098,-157.5311,IA,2017-09,60925.0,-0.02287052332761308
292,Iowa,2017-10-01,21.1098,-157.5311,IA,2017-10,63173.0,0.013183429295440252
293,Iowa,2017-11-01,21.1098,-157.5311,IA,2017-11,63943.0,0.02553287036294516
294,Iowa,2017-12-01,21.1098,-157.5311,IA,2017-12,66146.0,0.060865102404131344
295,Iowa,2018-01-01,21.1098,-157.5311,IA,2018-01,67603.0,0.08423281102147517
296,Iowa,2018-02-01,21.1098,-157.5311,IA,2018-02,67846.0,0.08813010216355788
297,Iowa,2018-03-01,21.1098,-157.5311,IA,2018-03,68644.0,0.1009286138153358
298,Iowa,2018-04-01,21.1098,-157.5311,IA,2018-04,69604.0,0.11632531956183545
299,Iowa,2018-05-01,21.1098,-157.5311,IA,2018-05,70093.0,0.1241680165514587
300,Iowa,2018-06-01,21.1098,-157.5311,IA,2018-06,70562.0,0.13168994883802987
301,Iowa,2018-07-01,21.1098,-157.5311,IA,2018-07,70583.0,0.13202675177623457
302,Iowa,2018-08-01,21.1098,-157.5311,IA,2018-08,70693.0,0.13379095764302096
303,Iowa,2018-09-01,21.1098,-157.5311,IA,2018-09,70929.0,0.13757598113903535
304,Iowa,2018-10-01,21.1098,-157.5311,IA,2018-10,71170.0,0.14144119581081305
305,Iowa,2018-11-01,21.1098,-157.5311,IA,2018-11,71660.0,0.14929993103558892
306,Iowa,2018-12-01,21.1098,-157.5311,IA,2018-12,71492.0,0.1466055075299515
307,Iowa,2019-01-01,21.1098,-157.5311,IA,2019-01,71609.0,0.14848198104280597
308,Iowa,2019-02-01,21.1098,-157.5311,IA,2019-02,72658.0,0.16530608971788752
309,Iowa,2019-03-01,21.1098,-157.5311,IA,2019-03,73226.0,0.17441580728456652
310,Iowa,2019-04-01,21.1098,-157.5311,IA,2019-04,73148.0,0.1731648249426634
311,Iowa,2019-05-01,21.1098,-157.5311,IA,2019-05,73113.0,0.17260348671232228
312,Idaho,2017-06-01,42.0046,-93.214,ID,2017-06,22507.0,0.0
313,Idaho,2017-07-01,42.0046,-93.214,ID,2017-07,22487.0,-0.0008886124316879185
314,Idaho,2017-08-01,42.0046,-93.214,ID,2017-08,22414.0,-0.004132047807348771
315,Idaho,2017-09-01,42.0046,-93.214,ID,2017-09,22189.0,-0.014128937663837937
316,Idaho,2017-10-01,42.0046,-93.214,ID,2017-10,22199.0,-0.013684631447993922
317,Idaho,2017-11-01,42.0046,-93.214,ID,2017-11,22039.0,-0.02079353090149727
318,Idaho,2017-12-01,42.0046,-93.214,ID,2017-12,21927.0,-0.025769760518949636
319,Idaho,2018-01-01,42.0046,-93.214,ID,2018-01,25551.0,0.13524681210290135
320,Idaho,2018-02-01,42.0046,-93.214,ID,2018-02,25072.0,0.11396454436397563
321,Idaho,2018-03-01,42.0046,-93.214,ID,2018-03,25173.0,0.11845203714399966
322,Idaho,2018-04-01,42.0046,-93.214,ID,2018-04,24436.0,0.08570666903629975
323,Idaho,2018-05-01,42.0046,-93.214,ID,2018-05,24485.0,0.08788376949393517
324,Idaho,2018-06-01,42.0046,-93.214,ID,2018-06,24409.0,0.08450704225352124
325,Idaho,2018-07-01,42.0046,-93.214,ID,2018-07,24355.0,0.08210778868796376
326,Idaho,2018-08-01,42.0046,-93.214,ID,2018-08,24428.0,0.08535122406362472
327,Idaho,2018-09-01,42.0046,-93.214,ID,2018-09,24369.0,0.08272981739014518
328,Idaho,2018-10-01,42.0046,-93.214,ID,2018-10,24310.0,0.08010841071666586
329,Idaho,2018-11-01,42.0046,-93.214,ID,2018-11,24163.0,0.07357710934375983
330,Idaho,2018-12-01,42.0046,-93.214,ID,2018-12,23947.0,0.06398009508153013
331,Idaho,2019-01-01,42.0046,-93.214,ID,2019-01,26639.0,0.1835873283867242
332,Idaho,2019-02-01,42.0046,-93.214,ID,2019-02,26427.0,0.17416803661083224
333,Idaho,2019-03-01,42.0046,-93.214,ID,2019-03,26412.0,0.17350157728706628
334,Idaho,2019-04-01,42.0046,-93.214,ID,2019-04,26212.0,0.1646154529701871
335,Idaho,2019-05-01,42.0046,-93.214,ID,2019-05,25846.0,0.14835384547029817
336,Illinois,2017-06-01,44.2394,-114.5103,IL,2017-06,249262.0,0.0
337,Illinois,2017-07-01,44.2394,-114.5103,IL,2017-07,253385.0,0.016540828525808182
338,Illinois,2017-08-01,44.2394,-114.5103,IL,2017-08,250295.0,0.004144233778113016
339,Illinois,2017-09-01,44.2394,-114.5103,IL,2017-09,251715.0,0.009841050781908223
340,Illinois,2017-10-01,44.2394,-114.5103,IL,2017-10,253418.0,0.016673219343501966
341,Illinois,2017-11-01,44.2394,-114.5103,IL,2017-11,250614.0,0.005424011682486629
342,Illinois,2017-12-01,44.2394,-114.5103,IL,2017-12,243036.0,-0.024977734271569685
343,Illinois,2018-01-01,44.2394,-114.5103,IL,2018-01,243036.0,-0.024977734271569685
344,Illinois,2018-02-01,44.2394,-114.5103,IL,2018-02,231513.0,-0.07120620070447958
345,Illinois,2018-03-01,44.2394,-114.5103,IL,2018-03,226971.0,-0.08942799143070346
346,Illinois,2018-04-01,44.2394,-114.5103,IL,2018-04,222182.0,-0.10864070736815079
347,Illinois,2018-05-01,44.2394,-114.5103,IL,2018-05,224953.0,-0.09752389052482935
348,Illinois,2018-06-01,44.2394,-114.5103,IL,2018-06,229833.0,-0.07794609687798382
349,Illinois,2018-07-01,44.2394,-114.5103,IL,2018-07,232325.0,-0.06794858422061922
350,Illinois,2018-08-01,44.2394,-114.5103,IL,2018-08,235697.0,-0.054420649758085915
351,Illinois,2018-09-01,44.2394,-114.5103,IL,2018-09,238434.0,-0.04344023557541865
352,Illinois,2018-10-01,44.2394,-114.5103,IL,2018-10,242305.0,-0.02791039147563612
353,Illinois,2018-11-01,44.2394,-114.5103,IL,2018-11,246323.0,-0.011790806460671877
354,Illinois,2018-12-01,44.2394,-114.5103,IL,2018-12,251163.0,0.00762651346775689
355,Illinois,2019-01-01,44.2394,-114.5103,IL,2019-01,253417.0,0.016669207500541683
356,Illinois,2019-02-01,44.2394,-114.5103,IL,2019-02,255137.0,0.02356957739246246
357,Illinois,2019-03-01,44.2394,-114.5103,IL,2019-03,257247.0,0.03203456603894694
358,Illinois,2019-04-01,44.2394,-114.5103,IL,2019-04,260489.0,0.045040960916625794
359,Illinois,2019-05-01,44.2394,-114.5103,IL,2019-05,259164.0,0.039725268994070584
360,Indiana,2017-06-01,40.3363,-89.0022,IN,2017-06,102039.0,0.0
361,Indiana,2017-07-01,40.3363,-89.0022,IN,2017-07,103811.0,0.017365909113182143
362,Indiana,2017-08-01,40.3363,-89.0022,IN,2017-08,101809.0,-0.0022540401219142137
363,Indiana,2017-09-01,40.3363,-89.0022,IN,2017-09,104475.0,0.023873224943403937
364,Indiana,2017-10-01,40.3363,-89.0022,IN,2017-10,103444.0,0.01376924509256261
365,Indiana,2017-11-01,40.3363,-89.0022,IN,2017-11,104201.0,0.021187977145993298
366,Indiana,2017-12-01,40.3363,-89.0022,IN,2017-12,106888.0,0.047521045874616474
367,Indiana,2018-01-01,40.3363,-89.0022,IN,2018-01,108361.0,0.06195670282931043
368,Indiana,2018-02-01,40.3363,-89.0022,IN,2018-02,107609.0,0.05458697164809534
369,Indiana,2018-03-01,40.3363,-89.0022,IN,2018-03,109610.0,0.07419712070874862
370,Indiana,2018-04-01,40.3363,-89.0022,IN,2018-04,107707.0,0.05554738874351961
371,Indiana,2018-05-01,40.3363,-89.0022,IN,2018-05,109633.0,0.07442252472094002
372,Indiana,2018-06-01,40.3363,-89.0022,IN,2018-06,109806.0,0.07611795489959716
373,Indiana,2018-07-01,40.3363,-89.0022,IN,2018-07,109840.0,0.07645116083066283
374,Indiana,2018-08-01,40.3363,-89.0022,IN,2018-08,111241.0,0.09018120522545292
375,Indiana,2018-09-01,40.3363,-89.0022,IN,2018-09,112032.0,0.09793314320994906
376,Indiana,2018-10-01,40.3363,-89.0022,IN,2018-10,110574.0,0.0836444888719019
377,Indiana,2018-11-01,40.3363,-89.0022,IN,2018-11,111373.0,0.09147482825194286
378,Indiana,2018-12-01,40.3363,-89.0022,IN,2018-12,113224.0,0.1096149511461304
379,Indiana,2019-01-01,40.3363,-89.0022,IN,2019-01,111304.0,0.09079861621536867
380,Indiana,2019-02-01,40.3363,-89.0022,IN,2019-02,111738.0,0.09505189192367625
381,Indiana,2019-03-01,40.3363,-89.0022,IN,2019-03,113746.0,0.11473064220543128
382,Indiana,2019-04-01,40.3363,-89.0022,IN,2019-04,110832.0,0.08617293387822311
383,Indiana,2019-05-01,40.3363,-89.0022,IN,2019-05,110090.0,0.078901204441439
384,Kansas,2017-06-01,39.8647,-86.2604,KS,2017-06,36959.0,0.0
385,Kansas,2017-07-01,39.8647,-86.2604,KS,2017-07,37385.0,0.011526285884358334
386,Kansas,2017-08-01,39.8647,-86.2604,KS,2017-08,49479.0,0.3387537541600152
387,Kansas,2017-09-01,39.8647,-86.2604,KS,2017-09,50156.0,0.35707134933304463
388,Kansas,2017-10-01,39.8647,-86.2604,KS,2017-10,49839.0,0.34849427744257144
389,Kansas,2017-11-01,39.8647,-86.2604,KS,2017-11,50528.0,0.36713655672501955
390,Kansas,2017-12-01,39.8647,-86.2604,KS,2017-12,51177.0,0.3846965556427393
391,Kansas,2018-01-01,39.8647,-86.2604,KS,2018-01,51628.0,0.3968992667550528
392,Kansas,2018-02-01,39.8647,-86.2604,KS,2018-02,52346.0,0.41632619930192916
393,Kansas,2018-03-01,39.8647,-86.2604,KS,2018-03,53199.0,0.43940582807976414
394,Kansas,2018-04-01,39.8647,-86.2604,KS,2018-04,53036.0,0.4349955355934956
395,Kansas,2018-05-01,39.8647,-86.2604,KS,2018-05,52753.0,0.4273384020130415
396,Kansas,2018-06-01,39.8647,-86.2604,KS,2018-06,52816.0,0.4290429935874889
397,Kansas,2018-07-01,39.8647,-86.2604,KS,2018-07,52768.0,0.4277442571498147
398,Kansas,2018-08-01,39.8647,-86.2604,KS,2018-08,52664.0,0.42493032820152066
399,Kansas,2018-09-01,39.8647,-86.2604,KS,2018-09,52799.0,0.4285830244324793
400,Kansas,2018-10-01,39.8647,-86.2604,KS,2018-10,53704.0,0.4530696176844611
401,Kansas,2018-11-01,39.8647,-86.2604,KS,2018-11,54803.0,0.48280527070537627
402,Kansas,2018-12-01,39.8647,-86.2604,KS,2018-12,55651.0,0.5057496144376201
403,Kansas,2019-01-01,39.8647,-86.2604,KS,2019-01,56172.0,0.5198463161882085
404,Kansas,2019-02-01,39.8647,-86.2604,KS,2019-02,56044.0,0.5163830190210774
405,Kansas,2019-03-01,39.8647,-86.2604,KS,2019-03,56395.0,0.52588002922157
406,Kansas,2019-04-01,39.8647,-86.2604,KS,2019-04,55176.0,0.4928975351064693
407,Kansas,2019-05-01,39.8647,-86.2604,KS,2019-05,55215.0,0.49395275846207953
408,Kentucky,2017-06-01,38.5111,-96.8005,KY,2017-06,82106.0,0.0
409,Kentucky,2017-07-01,38.5111,-96.8005,KY,2017-07,82057.0,-0.0005967895159915138
410,Kentucky,2017-08-01,38.5111,-96.8005,KY,2017-08,82607.0,0.006101868316566339
411,Kentucky,2017-09-01,38.5111,-96.8005,KY,2017-09,82788.0,0.008306335712371826
412,Kentucky,2017-10-01,38.5111,-96.8005,KY,2017-10,83762.0,0.020169049764938052
413,Kentucky,2017-11-01,38.5111,-96.8005,KY,2017-11,84769.0,0.03243368328745766
414,Kentucky,2017-12-01,38.5111,-96.8005,KY,2017-12,86509.0,0.05362580079409551
415,Kentucky,2018-01-01,38.5111,-96.8005,KY,2018-01,88127.0,0.07333203419969303
416,Kentucky,2018-02-01,38.5111,-96.8005,KY,2018-02,87750.0,0.06874040873992149
417,Kentucky,2018-03-01,38.5111,-96.8005,KY,2018-03,88432.0,0.07704674445229331
418,Kentucky,2018-04-01,38.5111,-96.8005,KY,2018-04,83499.0,0.01696587338318767
419,Kentucky,2018-05-01,38.5111,-96.8005,KY,2018-05,83762.0,0.020169049764938052
420,Kentucky,2018-06-01,38.5111,-96.8005,KY,2018-06,84460.0,0.028670255523347787
421,Kentucky,2018-07-01,38.5111,-96.8005,KY,2018-07,85840.0,0.04547779699412957
422,Kentucky,2018-08-01,38.5111,-96.8005,KY,2018-08,86903.0,0.058424475677782306
423,Kentucky,2018-09-01,38.5111,-96.8005,KY,2018-09,87399.0,0.06446544710496194
424,Kentucky,2018-10-01,38.5111,-96.8005,KY,2018-10,88347.0,0.07601149733271617
425,Kentucky,2018-11-01,38.5111,-96.8005,KY,2018-11,89606.0,0.09134533408033518
426,Kentucky,2018-12-01,38.5111,-96.8005,KY,2018-12,89607.0,0.09135751345821252
427,Kentucky,2019-01-01,38.5111,-96.8005,KY,2019-01,92955.0,0.13213407059167426
428,Kentucky,2019-02-01,38.5111,-96.8005,KY,2019-02,93069.0,0.1335225196696952
429,Kentucky,2019-03-01,38.5111,-96.8005,KY,2019-03,89244.0,0.08693639928872443
430,Kentucky,2019-04-01,38.5111,-96.8005,KY,2019-04,87641.0,0.06741285655128726
431,Kentucky,2019-05-01,38.5111,-96.8005,KY,2019-05,88083.0,0.07279614157308845
432,Louisiana,2017-06-01,37.669,-84.6514,LA,2017-06,119930.0,0.0
433,Louisiana,2017-07-01,37.669,-84.6514,LA,2017-07,120459.0,0.004410906362044553
434,Louisiana,2017-08-01,37.669,-84.6514,LA,2017-08,120637.0,0.005895105478195717
435,Louisiana,2017-09-01,37.669,-84.6514,LA,2017-09,120968.0,0.008655048778454022
436,Louisiana,2017-10-01,37.669,-84.6514,LA,2017-10,121660.0,0.014425081297423592
437,Louisiana,2017-11-01,37.669,-84.6514,LA,2017-11,122246.0,0.019311264904527725
438,Louisiana,2017-12-01,37.669,-84.6514,LA,2017-12,123130.0,0.02668223130159264
439,Louisiana,2018-01-01,37.669,-84.6514,LA,2018-01,124012.0,0.03403652130409407
440,Louisiana,2018-02-01,37.669,-84.6514,LA,2018-02,124964.0,0.04197448511631796
441,Louisiana,2018-03-01,37.669,-84.6514,LA,2018-03,125563.0,0.046969065288084755
442,Louisiana,2018-04-01,37.669,-84.6514,LA,2018-04,126095.0,0.05140498624197454
443,Louisiana,2018-05-01,37.669,-84.6514,LA,2018-05,126701.0,0.05645793379471353
444,Louisiana,2018-06-01,37.669,-84.6514,LA,2018-06,126830.0,0.05753356124405906
445,Louisiana,2018-07-01,37.669,-84.6514,LA,2018-07,127779.0,0.0654465104644375
446,Louisiana,2018-08-01,37.669,-84.6514,LA,2018-08,129033.0,0.07590260985574915
447,Louisiana,2018-09-01,37.669,-84.6514,LA,2018-09,129648.0,0.08103060118402405
448,Louisiana,2018-10-01,37.669,-84.6514,LA,2018-10,130565.0,0.08867672809138671
449,Louisiana,2018-11-01,37.669,-84.6514,LA,2018-11,132234.0,0.10259317935462353
450,Louisiana,2018-12-01,37.669,-84.6514,LA,2018-12,131994.0,0.10059201200700407
451,Louisiana,2019-01-01,37.669,-84.6514,LA,2019-01,132533.0,0.10508630034186606
452,Louisiana,2019-02-01,37.669,-84.6514,LA,2019-02,133910.0,0.11656799799883255
453,Louisiana,2019-03-01,37.669,-84.6514,LA,2019-03,138331.0,0.1534311681814391
454,Louisiana,2019-04-01,37.669,-84.6514,LA,2019-04,139316.0,0.16164429250396073
455,Louisiana,2019-05-01,37.669,-84.6514,LA,2019-05,132729.0,0.1067205870090886
456,Massachusetts,2017-06-01,31.1801,-91.8749,MA,2017-06,104793.0,0.0
457,Massachusetts,2017-07-01,31.1801,-91.8749,MA,2017-07,173249.0,0.6532497399635473
458,Massachusetts,2017-08-01,31.1801,-91.8749,MA,2017-08,107198.0,0.022950006202704376
459,Massachusetts,2017-09-01,31.1801,-91.8749,MA,2017-09,177354.0,0.6924222037731529
460,Massachusetts,2017-10-01,31.1801,-91.8749,MA,2017-10,108656.0,0.03686314925615264
461,Massachusetts,2017-11-01,31.1801,-91.8749,MA,2017-11,184380.0,0.7594686668002635
462,Massachusetts,2017-12-01,31.1801,-91.8749,MA,2017-12,184341.0,0.7590965045375169
463,Massachusetts,2018-01-01,31.1801,-91.8749,MA,2018-01,171434.0,0.6359298808126497
464,Massachusetts,2018-02-01,31.1801,-91.8749,MA,2018-02,174312.0,0.6633935472789212
465,Massachusetts,2018-03-01,31.1801,-91.8749,MA,2018-03,178614.0,0.7044459076465031
466,Massachusetts,2018-04-01,31.1801,-91.8749,MA,2018-04,177165.0,0.6906186481921501
467,Massachusetts,2018-05-01,31.1801,-91.8749,MA,2018-05,177201.0,0.6909621825885317
468,Massachusetts,2018-06-01,31.1801,-91.8749,MA,2018-06,180640.0,0.7237792600650808
469,Massachusetts,2018-07-01,31.1801,-91.8749,MA,2018-07,175383.0,0.673613695571269
470,Massachusetts,2018-08-01,31.1801,-91.8749,MA,2018-08,178388.0,0.7022892750469973
471,Massachusetts,2018-09-01,31.1801,-91.8749,MA,2018-09,181362.0,0.7306690332369528
472,Massachusetts,2018-10-01,31.1801,-91.8749,MA,2018-10,184136.0,0.7571402670025669
473,Massachusetts,2018-11-01,31.1801,-91.8749,MA,2018-11,186371.0,0.7784680274445812
474,Massachusetts,2018-12-01,31.1801,-91.8749,MA,2018-12,191392.0,0.82638153311767
475,Massachusetts,2019-01-01,31.1801,-91.8749,MA,2019-01,176674.0,0.6859332207303923
476,Massachusetts,2019-02-01,31.1801,-91.8749,MA,2019-02,186168.0,0.7765308751538749
477,Massachusetts,2019-03-01,31.1801,-91.8749,MA,2019-03,185701.0,0.7720744706230378
478,Massachusetts,2019-04-01,31.1801,-91.8749,MA,2019-04,182516.0,0.7416812191654023
479,Massachusetts,2019-05-01,31.1801,-91.8749,MA,2019-05,182868.0,0.745040222152243
480,Maryland,2017-06-01,42.2373,-71.5314,MD,2017-06,145749.0,0.0
481,Maryland,2017-07-01,42.2373,-71.5314,MD,2017-07,144893.0,-0.0058731106216852735
482,Maryland,2017-08-01,42.2373,-71.5314,MD,2017-08,146178.0,0.0029434164213819614
483,Maryland,2017-09-01,42.2373,-71.5314,MD,2017-09,145867.0,0.0008096110436435211
484,Maryland,2017-10-01,42.2373,-71.5314,MD,2017-10,145584.0,-0.0011320832389930535
485,Maryland,2017-11-01,42.2373,-71.5314,MD,2017-11,146651.0,0.006188721706495315
486,Maryland,2017-12-01,42.2373,-71.5314,MD,2017-12,149089.0,0.022916109201435386
487,Maryland,2018-01-01,42.2373,-71.5314,MD,2018-01,148513.0,0.018964109530768658
488,Maryland,2018-02-01,42.2373,-71.5314,MD,2018-02,149092.0,0.022936692533053415
489,Maryland,2018-03-01,42.2373,-71.5314,MD,2018-03,150460.0,0.032322691750886756
490,Maryland,2018-04-01,42.2373,-71.5314,MD,2018-04,150033.0,0.029392997550583555
491,Maryland,2018-05-01,42.2373,-71.5314,MD,2018-05,150524.0,0.032761802825405306
492,Maryland,2018-06-01,42.2373,-71.5314,MD,2018-06,150182.0,0.03041530302094686
493,Maryland,2018-07-01,42.2373,-71.5314,MD,2018-07,152063.0,0.04332105194546787
494,Maryland,2018-08-01,42.2373,-71.5314,MD,2018-08,153359.0,0.052213051204468064
495,Maryland,2018-09-01,42.2373,-71.5314,MD,2018-09,153834.0,0.05547207871066018
496,Maryland,2018-10-01,42.2373,-71.5314,MD,2018-10,154463.0,0.059787717239912386
497,Maryland,2018-11-01,42.2373,-71.5314,MD,2018-11,155385.0,0.06611366115719486
498,Maryland,2018-12-01,42.2373,-71.5314,MD,2018-12,156666.0,0.07490274375810468
499,Maryland,2019-01-01,42.2373,-71.5314,MD,2019-01,173490.0,0.19033406747216097
500,Maryland,2019-02-01,42.2373,-71.5314,MD,2019-02,156273.0,0.0722063273161393
501,Maryland,2019-03-01,42.2373,-71.5314,MD,2019-03,155405.0,0.06625088336798202
502,Maryland,2019-04-01,42.2373,-71.5314,MD,2019-04,154762.0,0.06183918929117871
503,Maryland,2019-05-01,42.2373,-71.5314,MD,2019-05,153261.0,0.05154066237161148
504,Maine,2017-06-01,39.0724,-76.7902,ME,2017-06,4324.0,0.0
505,Maine,2017-07-01,39.0724,-76.7902,ME,2017-07,4261.0,-0.014569842738205385
506,Maine,2017-08-01,39.0724,-76.7902,ME,2017-08,4197.0,-0.029370952821461627
507,Maine,2017-09-01,39.0724,-76.7902,ME,2017-09,4339.0,0.0034690101757632874
508,Maine,2017-10-01,39.0724,-76.7902,ME,2017-10,4330.0,0.0013876040703053594
509,Maine,2017-11-01,39.0724,-76.7902,ME,2017-11,4577.0,0.0585106382978724
510,Maine,2017-12-01,39.0724,-76.7902,ME,2017-12,4610.0,0.06614246068455132
511,Maine,2018-01-01,39.0724,-76.7902,ME,2018-01,4626.0,0.06984273820536546
512,Maine,2018-02-01,39.0724,-76.7902,ME,2018-02,4739.0,0.09597594819611466
513,Maine,2018-03-01,39.0724,-76.7902,ME,2018-03,4716.0,0.09065679925994452
514,Maine,2018-04-01,39.0724,-76.7902,ME,2018-04,4707.0,0.08857539315448659
515,Maine,2018-05-01,39.0724,-76.7902,ME,2018-05,9903.0,1.290240518038853
516,Maine,2018-06-01,39.0724,-76.7902,ME,2018-06,10101.0,1.336031452358927
517,Maine,2018-07-01,39.0724,-76.7902,ME,2018-07,10183.0,1.354995374653099
518,Maine,2018-08-01,39.0724,-76.7902,ME,2018-08,10249.0,1.3702590194264568
519,Maine,2018-09-01,39.0724,-76.7902,ME,2018-09,10296.0,1.3811285846438484
520,Maine,2018-10-01,39.0724,-76.7902,ME,2018-10,10227.0,1.3651711378353375
521,Maine,2018-11-01,39.0724,-76.7902,ME,2018-11,10325.0,1.3878353376503236
522,Maine,2018-12-01,39.0724,-76.7902,ME,2018-12,10230.0,1.36586493987049
523,Maine,2019-01-01,39.0724,-76.7902,ME,2019-01,10465.0,1.4202127659574466
524,Maine,2019-02-01,39.0724,-76.7902,ME,2019-02,10259.0,1.3725716928769658
525,Maine,2019-03-01,39.0724,-76.7902,ME,2019-03,10485.0,1.4248381128584642
526,Maine,2019-04-01,39.0724,-76.7902,ME,2019-04,10769.0,1.490518038852914
527,Maine,2019-05-01,39.0724,-76.7902,ME,2019-05,10704.0,1.475485661424607
528,Michigan,2017-06-01,44.6074,-69.3977,MI,2017-06,55237.0,0.0
529,Michigan,2017-07-01,44.6074,-69.3977,MI,2017-07,53624.0,-0.029201441063055555
530,Michigan,2017-08-01,44.6074,-69.3977,MI,2017-08,53988.0,-0.022611655231095096
531,Michigan,2017-09-01,44.6074,-69.3977,MI,2017-09,55017.0,-0.003982837590745358
532,Michigan,2017-10-01,44.6074,-69.3977,MI,2017-10,55107.0,-0.002353494939985934
533,Michigan,2017-11-01,44.6074,-69.3977,MI,2017-11,57094.0,0.03361877002733671
534,Michigan,2017-12-01,44.6074,-69.3977,MI,2017-12,57245.0,0.03635244491916656
535,Michigan,2018-01-01,44.6074,-69.3977,MI,2018-01,57110.0,0.03390843094302731
536,Michigan,2018-02-01,44.6074,-69.3977,MI,2018-02,55537.0,0.005431142169198155
537,Michigan,2018-03-01,44.6074,-69.3977,MI,2018-03,56230.0,0.01797708058004588
538,Michigan,2018-04-01,44.6074,-69.3977,MI,2018-04,56120.0,0.01598566178467342
539,Michigan,2018-05-01,44.6074,-69.3977,MI,2018-05,55221.0,-0.0002896609156906038
540,Michigan,2018-06-01,44.6074,-69.3977,MI,2018-06,55318.0,0.0014664083856834598
541,Michigan,2018-07-01,44.6074,-69.3977,MI,2018-07,55791.0,0.010029509205786047
542,Michigan,2018-08-01,44.6074,-69.3977,MI,2018-08,57313.0,0.037583503810851404
543,Michigan,2018-09-01,44.6074,-69.3977,MI,2018-09,56839.0,0.029002299183518376
544,Michigan,2018-10-01,44.6074,-69.3977,MI,2018-10,57531.0,0.04153013378713544
545,Michigan,2018-11-01,44.6074,-69.3977,MI,2018-11,58546.0,0.059905498126255896
546,Michigan,2018-12-01,44.6074,-69.3977,MI,2018-12,59560.0,0.07826275865814591
547,Michigan,2019-01-01,44.6074,-69.3977,MI,2019-01,62497.0,0.13143364049459594
548,Michigan,2019-02-01,44.6074,-69.3977,MI,2019-02,61346.0,0.11059615837210557
549,Michigan,2019-03-01,44.6074,-69.3977,MI,2019-03,61969.0,0.12187483027680712
550,Michigan,2019-04-01,44.6074,-69.3977,MI,2019-04,61841.0,0.11955754295128274
551,Michigan,2019-05-01,44.6074,-69.3977,MI,2019-05,60061.0,0.08733276608070684
552,Minnesota,2017-06-01,43.3504,-84.5603,MN,2017-06,1342.0,0.0
553,Minnesota,2017-07-01,43.3504,-84.5603,MN,2017-07,1307.0,-0.02608047690014903
554,Minnesota,2017-08-01,43.3504,-84.5603,MN,2017-08,1340.0,-0.0014903129657227732
555,Minnesota,2017-09-01,43.3504,-84.5603,MN,2017-09,1351.0,0.006706408345752646
556,Minnesota,2017-10-01,43.3504,-84.5603,MN,2017-10,1425.0,0.06184798807749625
557,Minnesota,2017-11-01,43.3504,-84.5603,MN,2017-11,1351.0,0.006706408345752646
558,Minnesota,2017-12-01,43.3504,-84.5603,MN,2017-12,1264.0,-0.058122205663189264
559,Minnesota,2018-01-01,43.3504,-84.5603,MN,2018-01,1289.0,-0.03949329359165421
560,Minnesota,2018-02-01,43.3504,-84.5603,MN,2018-02,1417.0,0.05588673621460516
561,Minnesota,2018-03-01,43.3504,-84.5603,MN,2018-03,1390.0,0.03576751117734722
562,Minnesota,2018-04-01,43.3504,-84.5603,MN,2018-04,1334.0,-0.005961251862891204
563,Minnesota,2018-05-01,43.3504,-84.5603,MN,2018-05,1329.0,-0.009687034277198192
564,Minnesota,2018-06-01,43.3504,-84.5603,MN,2018-06,1194.0,-0.11028315946348732
565,Minnesota,2018-07-01,43.3504,-84.5603,MN,2018-07,1188.0,-0.11475409836065575
566,Minnesota,2018-08-01,43.3504,-84.5603,MN,2018-08,1278.0,-0.04769001490312963
567,Minnesota,2018-09-01,43.3504,-84.5603,MN,2018-09,1301.0,-0.03055141579731746
568,Minnesota,2018-10-01,43.3504,-84.5603,MN,2018-10,1134.0,-0.1549925484351714
569,Minnesota,2018-11-01,43.3504,-84.5603,MN,2018-11,1204.0,-0.10283159463487335
570,Minnesota,2018-12-01,43.3504,-84.5603,MN,2018-12,1225.0,-0.08718330849478395
571,Minnesota,2019-01-01,43.3504,-84.5603,MN,2019-01,1211.0,-0.09761549925484347
572,Minnesota,2019-02-01,43.3504,-84.5603,MN,2019-02,1100.0,-0.180327868852459
573,Minnesota,2019-03-01,43.3504,-84.5603,MN,2019-03,1111.0,-0.17213114754098358
574,Minnesota,2019-04-01,43.3504,-84.5603,MN,2019-04,1256.0,-0.06408345752608047
575,Minnesota,2019-05-01,43.3504,-84.5603,MN,2019-05,1128.0,-0.15946348733233984
576,Missouri,2017-06-01,45.7326,-93.9196,MO,2017-06,28728.0,0.0
577,Missouri,2017-07-01,45.7326,-93.9196,MO,2017-07,28525.0,-0.007066276803118887
578,Missouri,2017-08-01,45.7326,-93.9196,MO,2017-08,29682.0,0.03320802005012524
579,Missouri,2017-09-01,45.7326,-93.9196,MO,2017-09,29384.0,0.022834864940128208
580,Missouri,2017-10-01,45.7326,-93.9196,MO,2017-10,28815.0,0.0030284043441937136
581,Missouri,2017-11-01,45.7326,-93.9196,MO,2017-11,28815.0,0.0030284043441937136
582,Missouri,2017-12-01,45.7326,-93.9196,MO,2017-12,29506.0,0.027081592871066595
583,Missouri,2018-01-01,45.7326,-93.9196,MO,2018-01,30102.0,0.047827903091060886
584,Missouri,2018-02-01,45.7326,-93.9196,MO,2018-02,29821.0,0.03804650515176822
585,Missouri,2018-03-01,45.7326,-93.9196,MO,2018-03,30712.0,0.06906154274575327
586,Missouri,2018-04-01,45.7326,-93.9196,MO,2018-04,30569.0,0.06408382066276808
587,Missouri,2018-05-01,45.7326,-93.9196,MO,2018-05,30793.0,0.07188109161793377
588,Missouri,2018-06-01,45.7326,-93.9196,MO,2018-06,31196.0,0.08590921748816482
589,Missouri,2018-07-01,45.7326,-93.9196,MO,2018-07,31439.0,0.0943678641047061
590,Missouri,2018-08-01,45.7326,-93.9196,MO,2018-08,31553.0,0.09833611807296028
591,Missouri,2018-09-01,45.7326,-93.9196,MO,2018-09,31763.0,0.1056460595934281
592,Missouri,2018-10-01,45.7326,-93.9196,MO,2018-10,31585.0,0.09945001392369823
593,Missouri,2018-11-01,45.7326,-93.9196,MO,2018-11,31139.0,0.08392509050403785
594,Missouri,2018-12-01,45.7326,-93.9196,MO,2018-12,30963.0,0.0777986633249792
595,Missouri,2019-01-01,45.7326,-93.9196,MO,2019-01,31668.0,0.10233918128654973
596,Missouri,2019-02-01,45.7326,-93.9196,MO,2019-02,32246.0,0.12245892509050393
597,Missouri,2019-03-01,45.7326,-93.9196,MO,2019-03,32660.0,0.13686995265942636
598,Missouri,2019-04-01,45.7326,-93.9196,MO,2019-04,32319.0,0.125
599,Missouri,2019-05-01,45.7326,-93.9196,MO,2019-05,32865.0,0.14400584795321647
600,Mississippi,2017-06-01,38.4623,-92.302,MS,2017-06,79987.0,0.0
601,Mississippi,2017-07-01,38.4623,-92.302,MS,2017-07,79679.0,-0.003850625726680601
602,Mississippi,2017-08-01,38.4623,-92.302,MS,2017-08,79558.0,-0.005363371547876583
603,Mississippi,2017-09-01,38.4623,-92.302,MS,2017-09,79173.0,-0.010176653706227223
604,Mississippi,2017-10-01,38.4623,-92.302,MS,2017-10,78691.0,-0.016202632927850735
605,Mississippi,2017-11-01,38.4623,-92.302,MS,2017-11,78704.0,-0.016040106517309027
606,Mississippi,2017-12-01,38.4623,-92.302,MS,2017-12,78249.0,-0.021728530886269026
607,Mississippi,2018-01-01,38.4623,-92.302,MS,2018-01,78321.0,-0.020828384612499584
608,Mississippi,2018-02-01,38.4623,-92.302,MS,2018-02,78065.0,-0.024028904697013242
609,Mississippi,2018-03-01,38.4623,-92.302,MS,2018-03,78452.0,-0.019190618475502297
610,Mississippi,2018-04-01,38.4623,-92.302,MS,2018-04,77287.0,-0.033755485266355745
611,Mississippi,2018-05-01,38.4623,-92.302,MS,2018-05,76531.0,-0.04320702114093544
612,Mississippi,2018-06-01,38.4623,-92.302,MS,2018-06,76258.0,-0.04662007576231142
613,Mississippi,2018-07-01,38.4623,-92.302,MS,2018-07,75571.0,-0.055208971457861855
614,Mississippi,2018-08-01,38.4623,-92.302,MS,2018-08,75637.0,-0.05438383737357322
615,Mississippi,2018-09-01,38.4623,-92.302,MS,2018-09,76300.0,-0.04609499043594589
616,Mississippi,2018-10-01,38.4623,-92.302,MS,2018-10,75967.0,-0.0502581669521297
617,Mississippi,2018-11-01,38.4623,-92.302,MS,2018-11,75127.0,-0.06075987347944045
618,Mississippi,2018-12-01,38.4623,-92.302,MS,2018-12,75088.0,-0.061247452711065575
619,Mississippi,2019-01-01,38.4623,-92.302,MS,2019-01,76133.0,-0.0481828297098279
620,Mississippi,2019-02-01,38.4623,-92.302,MS,2019-02,75800.0,-0.05234600622601171
621,Mississippi,2019-03-01,38.4623,-92.302,MS,2019-03,75932.0,-0.050695738057434325
622,Mississippi,2019-04-01,38.4623,-92.302,MS,2019-04,76656.0,-0.04164426719341896
623,Mississippi,2019-05-01,38.4623,-92.302,MS,2019-05,76290.0,-0.0462200107517472
624,Montana,2017-06-01,14.8058,145.5505,MT,2017-06,29035.0,0.0
625,Montana,2017-07-01,14.8058,145.5505,MT,2017-07,23660.0,-0.18512140520061993
626,Montana,2017-08-01,14.8058,145.5505,MT,2017-08,27836.0,-0.041294988806612754
627,Montana,2017-09-01,14.8058,145.5505,MT,2017-09,27336.0,-0.05851558463922857
628,Montana,2017-10-01,14.8058,145.5505,MT,2017-10,26780.0,-0.07766488720509734
629,Montana,2017-11-01,14.8058,145.5505,MT,2017-11,26447.0,-0.08913380402961946
630,Montana,2017-12-01,14.8058,145.5505,MT,2017-12,26686.0,-0.08090235922162903
631,Montana,2018-01-01,14.8058,145.5505,MT,2018-01,26639.0,-0.08252109522989493
632,Montana,2018-02-01,14.8058,145.5505,MT,2018-02,26777.0,-0.077768210780093
633,Montana,2018-03-01,14.8058,145.5505,MT,2018-03,26266.0,-0.09536765972102634
634,Montana,2018-04-01,14.8058,145.5505,MT,2018-04,25821.0,-0.11069399001205438
635,Montana,2018-05-01,14.8058,145.5505,MT,2018-05,25662.0,-0.1161701394868262
636,Montana,2018-06-01,14.8058,145.5505,MT,2018-06,25288.0,-0.1290511451696229
637,Montana,2018-07-01,14.8058,145.5505,MT,2018-07,25123.0,-0.13473394179438614
638,Montana,2018-08-01,14.8058,145.5505,MT,2018-08,25398.0,-0.12526261408644734
639,Montana,2018-09-01,14.8058,145.5505,MT,2018-09,27415.0,-0.05579473049767525
640,Montana,2018-10-01,14.8058,145.5505,MT,2018-10,27828.0,-0.041570518339934526
641,Montana,2018-11-01,14.8058,145.5505,MT,2018-11,28025.0,-0.034785603581883984
642,Montana,2018-12-01,14.8058,145.5505,MT,2018-12,28325.0,-0.024453246082314473
643,Montana,2019-01-01,14.8058,145.5505,MT,2019-01,28900.0,-0.00464956087480628
644,Montana,2019-02-01,14.8058,145.5505,MT,2019-02,29433.0,0.013707594282762248
645,Montana,2019-03-01,14.8058,145.5505,MT,2019-03,29515.0,0.016531771999311218
646,Montana,2019-04-01,14.8058,145.5505,MT,2019-04,29617.0,0.020044773549164896
647,Montana,2019-05-01,14.8058,145.5505,MT,2019-05,29375.0,0.011710005166178705
648,North Carolina,2017-06-01,32.7673,-89.6812,NC,2017-06,223162.0,0.0
649,North Carolina,2017-07-01,32.7673,-89.6812,NC,2017-07,231508.0,0.03739884030435281
650,North Carolina,2017-08-01,32.7673,-89.6812,NC,2017-08,226362.0,0.01433935885141735
651,North Carolina,2017-09-01,32.7673,-89.6812,NC,2017-09,236462.0,0.05959796022620334
652,North Carolina,2017-10-01,32.7673,-89.6812,NC,2017-10,236311.0,0.0589213217304021
653,North Carolina,2017-11-01,32.7673,-89.6812,NC,2017-11,239645.0,0.07386114123372267
654,North Carolina,2017-12-01,32.7673,-89.6812,NC,2017-12,234481.0,0.05072100088724785
655,North Carolina,2018-01-01,32.7673,-89.6812,NC,2018-01,236436.0,0.05948145293553564
656,North Carolina,2018-02-01,32.7673,-89.6812,NC,2018-02,244518.0,0.0956972961346465
657,North Carolina,2018-03-01,32.7673,-89.6812,NC,2018-03,245099.0,0.09830078597610714
658,North Carolina,2018-04-01,32.7673,-89.6812,NC,2018-04,245833.0,0.10158987641265083
659,North Carolina,2018-05-01,32.7673,-89.6812,NC,2018-05,240518.0,0.07777309757037498
660,North Carolina,2018-06-01,32.7673,-89.6812,NC,2018-06,248994.0,0.11575447432806651
661,North Carolina,2018-07-01,32.7673,-89.6812,NC,2018-07,243854.0,0.09272187917297758
662,North Carolina,2018-08-01,32.7673,-89.6812,NC,2018-08,246074.0,0.10266980937614822
663,North Carolina,2018-09-01,32.7673,-89.6812,NC,2018-09,256550.0,0.14961328541597574
664,North Carolina,2018-10-01,32.7673,-89.6812,NC,2018-10,252126.0,0.12978912180389135
665,North Carolina,2018-11-01,32.7673,-89.6812,NC,2018-11,254701.0,0.14132782462964122
666,North Carolina,2018-12-01,32.7673,-89.6812,NC,2018-12,255519.0,0.14499332323603475
667,North Carolina,2019-01-01,32.7673,-89.6812,NC,2019-01,258327.0,0.15757611062815347
668,North Carolina,2019-02-01,32.7673,-89.6812,NC,2019-02,266724.0,0.195203484464201
669,North Carolina,2019-03-01,32.7673,-89.6812,NC,2019-03,267147.0,0.19709896846237274
670,North Carolina,2019-04-01,32.7673,-89.6812,NC,2019-04,268804.0,0.2045240677176221
671,North Carolina,2019-05-01,32.7673,-89.6812,NC,2019-05,263578.0,0.1811061022934013
672,North Dakota,2017-06-01,46.9048,-110.3261,ND,2017-06,1991.0,0.0
673,North Dakota,2017-07-01,46.9048,-110.3261,ND,2017-07,1960.0,-0.01557006529382221
674,North Dakota,2017-08-01,46.9048,-110.3261,ND,2017-08,1940.0,-0.025615268709191397
675,North Dakota,2017-09-01,46.9048,-110.3261,ND,2017-09,1951.0,-0.020090406830738372
676,North Dakota,2017-10-01,46.9048,-110.3261,ND,2017-10,1966.0,-0.0125565042692114
677,North Dakota,2017-11-01,46.9048,-110.3261,ND,2017-11,1984.0,-0.0035158211953791874
678,North Dakota,2017-12-01,46.9048,-110.3261,ND,2017-12,2008.0,0.008538422903063836
679,North Dakota,2018-01-01,46.9048,-110.3261,ND,2018-01,2056.0,0.03264691109994988
680,North Dakota,2018-02-01,46.9048,-110.3261,ND,2018-02,2078.0,0.04369663485685593
681,North Dakota,2018-03-01,46.9048,-110.3261,ND,2018-03,2087.0,0.04821697639377187
682,North Dakota,2018-04-01,46.9048,-110.3261,ND,2018-04,2067.0,0.038171772978402796
683,North Dakota,2018-05-01,46.9048,-110.3261,ND,2018-05,2072.0,0.04068307383224501
684,North Dakota,2018-06-01,46.9048,-110.3261,ND,2018-06,2052.0,0.030637870416875934
685,North Dakota,2018-07-01,46.9048,-110.3261,ND,2018-07,2088.0,0.04871923656454036
686,North Dakota,2018-08-01,46.9048,-110.3261,ND,2018-08,2081.0,0.04520341536916117
687,North Dakota,2018-09-01,46.9048,-110.3261,ND,2018-09,2097.0,0.05323957810145652
688,North Dakota,2018-10-01,46.9048,-110.3261,ND,2018-10,2102.0,0.055750878955298955
689,North Dakota,2018-11-01,46.9048,-110.3261,ND,2018-11,2128.0,0.06880964339527873
690,North Dakota,2018-12-01,46.9048,-110.3261,ND,2018-12,2179.0,0.09442491210447002
691,North Dakota,2019-01-01,46.9048,-110.3261,ND,2019-01,2175.0,0.09241587142139629
692,North Dakota,2019-02-01,46.9048,-110.3261,ND,2019-02,2143.0,0.07634354595680559
693,North Dakota,2019-03-01,46.9048,-110.3261,ND,2019-03,2153.0,0.08136614766449024
694,North Dakota,2019-04-01,46.9048,-110.3261,ND,2019-04,2121.0,0.06529382219989954
695,North Dakota,2019-05-01,46.9048,-110.3261,ND,2019-05,2086.0,0.047714716223003606
696,Nebraska,2017-06-01,35.6411,-79.8431,NE,2017-06,32232.0,0.0
697,Nebraska,2017-07-01,35.6411,-79.8431,NE,2017-07,32387.0,0.004808885579548283
698,Nebraska,2017-08-01,35.6411,-79.8431,NE,2017-08,32536.0,0.009431620749565717
699,Nebraska,2017-09-01,35.6411,-79.8431,NE,2017-09,31847.0,-0.011944651278232854
700,Nebraska,2017-10-01,35.6411,-79.8431,NE,2017-10,32177.0,-0.0017063787540332331
701,Nebraska,2017-11-01,35.6411,-79.8431,NE,2017-11,32589.0,0.011075949367088667
702,Nebraska,2017-12-01,35.6411,-79.8431,NE,2017-12,33139.0,0.02813973690742122
703,Nebraska,2018-01-01,35.6411,-79.8431,NE,2018-01,33461.0,0.038129808885579486
704,Nebraska,2018-02-01,35.6411,-79.8431,NE,2018-02,33822.0,0.04932985852568872
705,Nebraska,2018-03-01,35.6411,-79.8431,NE,2018-03,33737.0,0.046692727724001015
706,Nebraska,2018-04-01,35.6411,-79.8431,NE,2018-04,33889.0,0.051408538098783874
707,Nebraska,2018-05-01,35.6411,-79.8431,NE,2018-05,33411.0,0.03657855547282196
708,Nebraska,2018-06-01,35.6411,-79.8431,NE,2018-06,33927.0,0.05258749069247948
709,Nebraska,2018-07-01,35.6411,-79.8431,NE,2018-07,33314.0,0.03356912385207256
710,Nebraska,2018-08-01,35.6411,-79.8431,NE,2018-08,34242.0,0.06236038719285175
711,Nebraska,2018-09-01,35.6411,-79.8431,NE,2018-09,34272.0,0.06329113924050622
712,Nebraska,2018-10-01,35.6411,-79.8431,NE,2018-10,34249.0,0.06257756267063797
713,Nebraska,2018-11-01,35.6411,-79.8431,NE,2018-11,34213.0,0.06146066021345242
714,Nebraska,2018-12-01,35.6411,-79.8431,NE,2018-12,34541.0,0.07163688260114176
715,Nebraska,2019-01-01,35.6411,-79.8431,NE,2019-01,34645.0,0.07486348969967738
716,Nebraska,2019-02-01,35.6411,-79.8431,NE,2019-02,34695.0,0.0764147431124349
717,Nebraska,2019-03-01,35.6411,-79.8431,NE,2019-03,34385.0,0.06679697195333834
718,Nebraska,2019-04-01,35.6411,-79.8431,NE,2019-04,34279.0,0.06350831471829244
719,Nebraska,2019-05-01,35.6411,-79.8431,NE,2019-05,33337.0,0.03428270042194104
720,New Hampshire,2017-06-01,47.5362,-99.793,NH,2017-06,13587.0,0.0
721,New Hampshire,2017-07-01,47.5362,-99.793,NH,2017-07,13898.0,0.0228895267535143
722,New Hampshire,2017-08-01,47.5362,-99.793,NH,2017-08,13725.0,0.010156767498344044
723,New Hampshire,2017-09-01,47.5362,-99.793,NH,2017-09,14192.0,0.04452785751085586
724,New Hampshire,2017-10-01,47.5362,-99.793,NH,2017-10,14091.0,0.03709428129829995
725,New Hampshire,2017-11-01,47.5362,-99.793,NH,2017-11,14799.0,0.08920291455067342
726,New Hampshire,2017-12-01,47.5362,-99.793,NH,2017-12,14727.0,0.08390373150805908
727,New Hampshire,2018-01-01,47.5362,-99.793,NH,2018-01,14661.0,0.07904614705232937
728,New Hampshire,2018-02-01,47.5362,-99.793,NH,2018-02,14606.0,0.07499816000588799
729,New Hampshire,2018-03-01,47.5362,-99.793,NH,2018-03,14487.0,0.06623978803267838
730,New Hampshire,2018-04-01,47.5362,-99.793,NH,2018-04,14212.0,0.04599985280047103
731,New Hampshire,2018-05-01,47.5362,-99.793,NH,2018-05,14160.0,0.04217266504747186
732,New Hampshire,2018-06-01,47.5362,-99.793,NH,2018-06,14388.0,0.05895341134908372
733,New Hampshire,2018-07-01,47.5362,-99.793,NH,2018-07,14508.0,0.06778538308677406
734,New Hampshire,2018-08-01,47.5362,-99.793,NH,2018-08,14312.0,0.05335982924854643
735,New Hampshire,2018-09-01,47.5362,-99.793,NH,2018-09,14604.0,0.07485096047692652
736,New Hampshire,2018-10-01,47.5362,-99.793,NH,2018-10,14477.0,0.0655037903878708
737,New Hampshire,2018-11-01,47.5362,-99.793,NH,2018-11,15084.0,0.11017884742768813
738,New Hampshire,2018-12-01,47.5362,-99.793,NH,2018-12,15387.0,0.13247957606535654
739,New Hampshire,2019-01-01,47.5362,-99.793,NH,2019-01,15304.0,0.1263707956134541
740,New Hampshire,2019-02-01,47.5362,-99.793,NH,2019-02,14932.0,0.09899168322661378
741,New Hampshire,2019-03-01,47.5362,-99.793,NH,2019-03,14921.0,0.09818208581732546
742,New Hampshire,2019-04-01,47.5362,-99.793,NH,2019-04,14728.0,0.08397733127254003
743,New Hampshire,2019-05-01,47.5362,-99.793,NH,2019-05,14595.0,0.07418856259659967
744,New Jersey,2017-06-01,41.1289,-98.2883,NJ,2017-06,203186.0,0.0
745,New Jersey,2017-07-01,41.1289,-98.2883,NJ,2017-07,202537.0,-0.003194117704960031
746,New Jersey,2017-08-01,41.1289,-98.2883,NJ,2017-08,201402.0,-0.008780132489443204
747,New Jersey,2017-09-01,41.1289,-98.2883,NJ,2017-09,202356.0,-0.0040849271111198515
748,New Jersey,2017-10-01,41.1289,-98.2883,NJ,2017-10,201872.0,-0.006466980992784976
749,New Jersey,2017-11-01,41.1289,-98.2883,NJ,2017-11,203479.0,0.0014420284862146637
750,New Jersey,2017-12-01,41.1289,-98.2883,NJ,2017-12,203439.0,0.0012451645290521007
751,New Jersey,2018-01-01,41.1289,-98.2883,NJ,2018-01,204773.0,0.007810577500418248
752,New Jersey,2018-02-01,41.1289,-98.2883,NJ,2018-02,207908.0,0.023239790143021688
753,New Jersey,2018-03-01,41.1289,-98.2883,NJ,2018-03,207547.0,0.02146309292963089
754,New Jersey,2018-04-01,41.1289,-98.2883,NJ,2018-04,212182.0,0.04427470396582445
755,New Jersey,2018-05-01,41.1289,-98.2883,NJ,2018-05,212461.0,0.04564783006703221
756,New Jersey,2018-06-01,41.1289,-98.2883,NJ,2018-06,214211.0,0.05426062819288724
757,New Jersey,2018-07-01,41.1289,-98.2883,NJ,2018-07,213475.0,0.05063833138109919
758,New Jersey,2018-08-01,41.1289,-98.2883,NJ,2018-08,212261.0,0.044663510281220065
759,New Jersey,2018-09-01,41.1289,-98.2883,NJ,2018-09,211332.0,0.040091344876123314
760,New Jersey,2018-10-01,41.1289,-98.2883,NJ,2018-10,212381.0,0.04525410215270731
761,New Jersey,2018-11-01,41.1289,-98.2883,NJ,2018-11,210122.0,0.03413621017196067
762,New Jersey,2018-12-01,41.1289,-98.2883,NJ,2018-12,210823.0,0.0375862510212317
763,New Jersey,2019-01-01,41.1289,-98.2883,NJ,2019-01,210515.0,0.036070398551081295
764,New Jersey,2019-02-01,41.1289,-98.2883,NJ,2019-02,210864.0,0.037788036577323325
765,New Jersey,2019-03-01,41.1289,-98.2883,NJ,2019-03,212761.0,0.047124309745750104
766,New Jersey,2019-04-01,41.1289,-98.2883,NJ,2019-04,218373.0,0.07474432293563527
767,New Jersey,2019-05-01,41.1289,-98.2883,NJ,2019-05,218795.0,0.07682123768369875
768,New Mexico,2017-06-01,43.4108,-71.5653,NM,2017-06,12155.0,0.0
769,New Mexico,2017-07-01,43.4108,-71.5653,NM,2017-07,11871.0,-0.02336487042369395
770,New Mexico,2017-08-01,43.4108,-71.5653,NM,2017-08,11347.0,-0.06647470176881942
771,New Mexico,2017-09-01,43.4108,-71.5653,NM,2017-09,10784.0,-0.11279308926367748
772,New Mexico,2017-10-01,43.4108,-71.5653,NM,2017-10,10668.0,-0.12233648704236944
773,New Mexico,2017-11-01,43.4108,-71.5653,NM,2017-11,10498.0,-0.1363225010283834
774,New Mexico,2017-12-01,43.4108,-71.5653,NM,2017-12,10448.0,-0.1404360345536816
775,New Mexico,2018-01-01,43.4108,-71.5653,NM,2018-01,38834.0,2.1948992184286302
776,New Mexico,2018-02-01,43.4108,-71.5653,NM,2018-02,38773.0,2.189880707527766
777,New Mexico,2018-03-01,43.4108,-71.5653,NM,2018-03,38779.0,2.190374331550802
778,New Mexico,2018-04-01,43.4108,-71.5653,NM,2018-04,37707.0,2.102180172768408
779,New Mexico,2018-05-01,43.4108,-71.5653,NM,2018-05,37101.0,2.0523241464417934
780,New Mexico,2018-06-01,43.4108,-71.5653,NM,2018-06,36768.0,2.0249280131633074
781,New Mexico,2018-07-01,43.4108,-71.5653,NM,2018-07,36149.0,1.9740024681201152
782,New Mexico,2018-08-01,43.4108,-71.5653,NM,2018-08,36151.0,1.974167009461127
783,New Mexico,2018-09-01,43.4108,-71.5653,NM,2018-09,35894.0,1.9530234471410943
784,New Mexico,2018-10-01,43.4108,-71.5653,NM,2018-10,36381.0,1.9930892636774988
785,New Mexico,2018-11-01,43.4108,-71.5653,NM,2018-11,36796.0,2.027231591937474
786,New Mexico,2018-12-01,43.4108,-71.5653,NM,2018-12,37104.0,2.0525709584533116
787,New Mexico,2019-01-01,43.4108,-71.5653,NM,2019-01,37215.0,2.0617030028794736
788,New Mexico,2019-02-01,43.4108,-71.5653,NM,2019-02,37557.0,2.0898395721925134
789,New Mexico,2019-03-01,43.4108,-71.5653,NM,2019-03,37853.0,2.114191690662279
790,New Mexico,2019-04-01,43.4108,-71.5653,NM,2019-04,36938.0,2.038914027149321
791,New Mexico,2019-05-01,43.4108,-71.5653,NM,2019-05,36947.0,2.039654463183875
792,Nevada,2017-06-01,40.314,-74.5089,NV,2017-06,38261.0,0.0
793,Nevada,2017-07-01,40.314,-74.5089,NV,2017-07,39354.0,0.028566948067222597
794,Nevada,2017-08-01,40.314,-74.5089,NV,2017-08,39580.0,0.03447374611222909
795,Nevada,2017-09-01,40.314,-74.5089,NV,2017-09,39985.0,0.045058937299077284
796,Nevada,2017-10-01,40.314,-74.5089,NV,2017-10,40588.0,0.060819110843940205
797,Nevada,2017-11-01,40.314,-74.5089,NV,2017-11,40530.0,0.05930320692088542
798,Nevada,2017-12-01,40.314,-74.5089,NV,2017-12,40205.0,0.05080891769687157
799,Nevada,2018-01-01,40.314,-74.5089,NV,2018-01,40785.0,0.06596795692741964
800,Nevada,2018-02-01,40.314,-74.5089,NV,2018-02,41157.0,0.07569065105459871
801,Nevada,2018-03-01,40.314,-74.5089,NV,2018-03,41186.0,0.076448603016126
802,Nevada,2018-04-01,40.314,-74.5089,NV,2018-04,40974.0,0.07090771281461539
803,Nevada,2018-05-01,40.314,-74.5089,NV,2018-05,40912.0,0.06928726379341899
804,Nevada,2018-06-01,40.314,-74.5089,NV,2018-06,40434.0,0.05679412456548438
805,Nevada,2018-07-01,40.314,-74.5089,NV,2018-07,41000.0,0.07158725595253657
806,Nevada,2018-08-01,40.314,-74.5089,NV,2018-08,41555.0,0.08609288831969897
807,Nevada,2018-09-01,40.314,-74.5089,NV,2018-09,41266.0,0.07853950497896034
808,Nevada,2018-10-01,40.314,-74.5089,NV,2018-10,41390.0,0.08178040302135337
809,Nevada,2018-11-01,40.314,-74.5089,NV,2018-11,41532.0,0.08549175400538411
810,Nevada,2018-12-01,40.314,-74.5089,NV,2018-12,41683.0,0.08943833146023361
811,Nevada,2019-01-01,40.314,-74.5089,NV,2019-01,41904.0,0.09521444813256319
812,Nevada,2019-02-01,40.314,-74.5089,NV,2019-02,42170.0,0.10216669715898696
813,Nevada,2019-03-01,40.314,-74.5089,NV,2019-03,42299.0,0.10553827657405712
814,Nevada,2019-04-01,40.314,-74.5089,NV,2019-04,40609.0,0.06136797260918425
815,Nevada,2019-05-01,40.314,-74.5089,NV,2019-05,41943.0,0.09623376283944496
816,New York,2017-06-01,34.8375,-106.2371,NY,2017-06,570441.0,0.0
817,New York,2017-07-01,34.8375,-106.2371,NY,2017-07,575469.0,0.008814233198525256
818,New York,2017-08-01,34.8375,-106.2371,NY,2017-08,577653.0,0.01264285000552201
819,New York,2017-09-01,34.8375,-106.2371,NY,2017-09,585249.0,0.025958863405680876
820,New York,2017-10-01,34.8375,-106.2371,NY,2017-10,589113.0,0.03273257006421337
821,New York,2017-11-01,34.8375,-106.2371,NY,2017-11,597439.0,0.047328295126051634
822,New York,2017-12-01,34.8375,-106.2371,NY,2017-12,601490.0,0.054429818333534996
823,New York,2018-01-01,34.8375,-106.2371,NY,2018-01,600981.0,0.05353752622970642
824,New York,2018-02-01,34.8375,-106.2371,NY,2018-02,603583.0,0.05809890944023999
825,New York,2018-03-01,34.8375,-106.2371,NY,2018-03,614770.0,0.07771005239805695
826,New York,2018-04-01,34.8375,-106.2371,NY,2018-04,611872.0,0.07262977240415758
827,New York,2018-05-01,34.8375,-106.2371,NY,2018-05,615882.0,0.07965942139502591
828,New York,2018-06-01,34.8375,-106.2371,NY,2018-06,619624.0,0.0862192584333874
829,New York,2018-07-01,34.8375,-106.2371,NY,2018-07,625246.0,0.09607479125799157
830,New York,2018-08-01,34.8375,-106.2371,NY,2018-08,625851.0,0.09713537421047924
831,New York,2018-09-01,34.8375,-106.2371,NY,2018-09,629160.0,0.1029361494002008
832,New York,2018-10-01,34.8375,-106.2371,NY,2018-10,633714.0,0.11091944653347152
833,New York,2018-11-01,34.8375,-106.2371,NY,2018-11,637727.0,0.11795435461336057
834,New York,2018-12-01,34.8375,-106.2371,NY,2018-12,640357.0,0.1225648226547531
835,New York,2019-01-01,34.8375,-106.2371,NY,2019-01,646132.0,0.13268856901940773
836,New York,2019-02-01,34.8375,-106.2371,NY,2019-02,650192.0,0.13980586949395302
837,New York,2019-03-01,34.8375,-106.2371,NY,2019-03,656707.0,0.15122685781702216
838,New York,2019-04-01,34.8375,-106.2371,NY,2019-04,658826.0,0.15494152769523928
839,New York,2019-05-01,34.8375,-106.2371,NY,2019-05,661040.0,0.15882273539244207
840,Ohio,2017-06-01,38.4199,-117.1219,OH,2017-06,215896.0,0.0
841,Ohio,2017-07-01,38.4199,-117.1219,OH,2017-07,215933.0,0.0001713788120205617
842,Ohio,2017-08-01,38.4199,-117.1219,OH,2017-08,215678.0,-0.0010097454329862643
843,Ohio,2017-09-01,38.4199,-117.1219,OH,2017-09,217085.0,0.0055072812835810225
844,Ohio,2017-10-01,38.4199,-117.1219,OH,2017-10,218023.0,0.009851965761292547
845,Ohio,2017-11-01,38.4199,-117.1219,OH,2017-11,217576.0,0.0077815244376922
846,Ohio,2017-12-01,38.4199,-117.1219,OH,2017-12,216650.0,0.0034924222773928815
847,Ohio,2018-01-01,38.4199,-117.1219,OH,2018-01,214744.0,-0.00533590247156035
848,Ohio,2018-02-01,38.4199,-117.1219,OH,2018-02,216117.0,0.0010236410123392048
849,Ohio,2018-03-01,38.4199,-117.1219,OH,2018-03,216240.0,0.001593359765813096
850,Ohio,2018-04-01,38.4199,-117.1219,OH,2018-04,216216.0,0.0014821951309889059
851,Ohio,2018-05-01,38.4199,-117.1219,OH,2018-05,218044.0,0.009949234816763575
852,Ohio,2018-06-01,38.4199,-117.1219,OH,2018-06,219076.0,0.014729314114203085
853,Ohio,2018-07-01,38.4199,-117.1219,OH,2018-07,219707.0,0.017652017638122075
854,Ohio,2018-08-01,38.4199,-117.1219,OH,2018-08,219853.0,0.01832826916663577
855,Ohio,2018-09-01,38.4199,-117.1219,OH,2018-09,220032.0,0.019157372068032696
856,Ohio,2018-10-01,38.4199,-117.1219,OH,2018-10,216867.0,0.004497535850594758
857,Ohio,2018-11-01,38.4199,-117.1219,OH,2018-11,213114.0,-0.012885833920035616
858,Ohio,2018-12-01,38.4199,-117.1219,OH,2018-12,210446.0,-0.025243635824656274
859,Ohio,2019-01-01,38.4199,-117.1219,OH,2019-01,206210.0,-0.04486419387112317
860,Ohio,2019-02-01,38.4199,-117.1219,OH,2019-02,205677.0,-0.047332975136176625
861,Ohio,2019-03-01,38.4199,-117.1219,OH,2019-03,204555.0,-0.05252992181420679
862,Ohio,2019-04-01,38.4199,-117.1219,OH,2019-04,202796.0,-0.06067736317486194
863,Ohio,2019-05-01,38.4199,-117.1219,OH,2019-05,201348.0,-0.06738429614258712
864,Oklahoma,2017-06-01,42.1497,-74.9384,OK,2017-06,115550.0,0.0
865,Oklahoma,2017-07-01,42.1497,-74.9384,OK,2017-07,118382.0,0.02450887061877971
866,Oklahoma,2017-08-01,42.1497,-74.9384,OK,2017-08,115208.0,-0.002959757680657704
867,Oklahoma,2017-09-01,42.1497,-74.9384,OK,2017-09,113333.0,-0.01918649935093031
868,Oklahoma,2017-10-01,42.1497,-74.9384,OK,2017-10,117693.0,0.018546083946343606
869,Oklahoma,2017-11-01,42.1497,-74.9384,OK,2017-11,116533.0,0.008507139766334992
870,Oklahoma,2017-12-01,42.1497,-74.9384,OK,2017-12,112824.0,-0.023591518823020352
871,Oklahoma,2018-01-01,42.1497,-74.9384,OK,2018-01,120519.0,0.043003028991778436
872,Oklahoma,2018-02-01,42.1497,-74.9384,OK,2018-02,120176.0,0.04003461704889655
873,Oklahoma,2018-03-01,42.1497,-74.9384,OK,2018-03,117817.0,0.019619212462137492
874,Oklahoma,2018-04-01,42.1497,-74.9384,OK,2018-04,119904.0,0.037680657723929034
875,Oklahoma,2018-05-01,42.1497,-74.9384,OK,2018-05,118201.0,0.022942449156209355
876,Oklahoma,2018-06-01,42.1497,-74.9384,OK,2018-06,116109.0,0.004837732583297338
877,Oklahoma,2018-07-01,42.1497,-74.9384,OK,2018-07,121297.0,0.049736045002163554
878,Oklahoma,2018-08-01,42.1497,-74.9384,OK,2018-08,119626.0,0.03527477282561664
879,Oklahoma,2018-09-01,42.1497,-74.9384,OK,2018-09,117332.0,0.015421895283427078
880,Oklahoma,2018-10-01,42.1497,-74.9384,OK,2018-10,121857.0,0.054582431847685076
881,Oklahoma,2018-11-01,42.1497,-74.9384,OK,2018-11,121644.0,0.052739073993941954
882,Oklahoma,2018-12-01,42.1497,-74.9384,OK,2018-12,117858.0,0.019974037213327467
883,Oklahoma,2019-01-01,42.1497,-74.9384,OK,2019-01,120419.0,0.04213760276936385
884,Oklahoma,2019-02-01,42.1497,-74.9384,OK,2019-02,124533.0,0.07774123755949813
885,Oklahoma,2019-03-01,42.1497,-74.9384,OK,2019-03,119550.0,0.03461704889658157
886,Oklahoma,2019-04-01,42.1497,-74.9384,OK,2019-04,121150.0,0.04846386845521411
887,Oklahoma,2019-05-01,42.1497,-74.9384,OK,2019-05,120601.0,0.043712678494158386
888,Oregon,2017-06-01,40.3736,-82.7755,OR,2017-06,114426.0,0.0
889,Oregon,2017-07-01,40.3736,-82.7755,OR,2017-07,116726.0,0.02010032684879315
890,Oregon,2017-08-01,40.3736,-82.7755,OR,2017-08,118118.0,0.03226539422858443
891,Oregon,2017-09-01,40.3736,-82.7755,OR,2017-09,119241.0,0.042079597294321314
892,Oregon,2017-10-01,40.3736,-82.7755,OR,2017-10,122323.0,0.06901403527170391
893,Oregon,2017-11-01,40.3736,-82.7755,OR,2017-11,123914.0,0.08291821788754294
894,Oregon,2017-12-01,40.3736,-82.7755,OR,2017-12,125166.0,0.09385978711132092
895,Oregon,2018-01-01,40.3736,-82.7755,OR,2018-01,124508.0,0.08810934577805751
896,Oregon,2018-02-01,40.3736,-82.7755,OR,2018-02,125920.0,0.10044919860870771
897,Oregon,2018-03-01,40.3736,-82.7755,OR,2018-03,125730.0,0.09878873682554667
898,Oregon,2018-04-01,40.3736,-82.7755,OR,2018-04,125805.0,0.09944418226626817
899,Oregon,2018-05-01,40.3736,-82.7755,OR,2018-05,124669.0,0.08951636865747292
900,Oregon,2018-06-01,40.3736,-82.7755,OR,2018-06,124271.0,0.08603813818537742
901,Oregon,2018-07-01,40.3736,-82.7755,OR,2018-07,126029.0,0.10140177931588967
902,Oregon,2018-08-01,40.3736,-82.7755,OR,2018-08,125787.0,0.09928687536049496
903,Oregon,2018-09-01,40.3736,-82.7755,OR,2018-09,123868.0,0.08251621135056708
904,Oregon,2018-10-01,40.3736,-82.7755,OR,2018-10,126789.0,0.10804362644853449
905,Oregon,2018-11-01,40.3736,-82.7755,OR,2018-11,126588.0,0.1062870326674008
906,Oregon,2018-12-01,40.3736,-82.7755,OR,2018-12,124195.0,0.08537395347211296
907,Oregon,2019-01-01,40.3736,-82.7755,OR,2019-01,127612.0,0.11523604775138518
908,Oregon,2019-02-01,40.3736,-82.7755,OR,2019-02,126014.0,0.10127069022774537
909,Oregon,2019-03-01,40.3736,-82.7755,OR,2019-03,128609.0,0.12394910247670987
910,Oregon,2019-04-01,40.3736,-82.7755,OR,2019-04,127999.0,0.11861814622550826
911,Oregon,2019-05-01,40.3736,-82.7755,OR,2019-05,128168.0,0.12009508328526741
912,Pennsylvania,2017-06-01,35.5376,-96.9247,PA,2017-06,176571.0,0.0
913,Pennsylvania,2017-07-01,35.5376,-96.9247,PA,2017-07,176241.0,-0.0018689365750887976
914,Pennsylvania,2017-08-01,35.5376,-96.9247,PA,2017-08,176677.0,0.0006003250816952743
915,Pennsylvania,2017-09-01,35.5376,-96.9247,PA,2017-09,176918.0,0.0019652151259266226
916,Pennsylvania,2017-10-01,35.5376,-96.9247,PA,2017-10,178707.0,0.012097116740574565
917,Pennsylvania,2017-11-01,35.5376,-96.9247,PA,2017-11,180162.0,0.02033742800346605
918,Pennsylvania,2017-12-01,35.5376,-96.9247,PA,2017-12,180999.0,0.02507773077119113
919,Pennsylvania,2018-01-01,35.5376,-96.9247,PA,2018-01,181554.0,0.028220942283840422
920,Pennsylvania,2018-02-01,35.5376,-96.9247,PA,2018-02,180832.0,0.024131935595312903
921,Pennsylvania,2018-03-01,35.5376,-96.9247,PA,2018-03,181603.0,0.0284984510480204
922,Pennsylvania,2018-04-01,35.5376,-96.9247,PA,2018-04,178039.0,0.008313936037061653
923,Pennsylvania,2018-05-01,35.5376,-96.9247,PA,2018-05,178646.0,0.011751646646391611
924,Pennsylvania,2018-06-01,35.5376,-96.9247,PA,2018-06,178355.0,0.010103584393813314
925,Pennsylvania,2018-07-01,35.5376,-96.9247,PA,2018-07,178301.0,0.009797758408798707
926,Pennsylvania,2018-08-01,35.5376,-96.9247,PA,2018-08,178594.0,0.011457147549710944
927,Pennsylvania,2018-09-01,35.5376,-96.9247,PA,2018-09,178523.0,0.011055043013858512
928,Pennsylvania,2018-10-01,35.5376,-96.9247,PA,2018-10,179981.0,0.019312344609250687
929,Pennsylvania,2018-11-01,35.5376,-96.9247,PA,2018-11,180260.0,0.020892445531825787
930,Pennsylvania,2018-12-01,35.5376,-96.9247,PA,2018-12,179241.0,0.015121395925718373
931,Pennsylvania,2019-01-01,35.5376,-96.9247,PA,2019-01,180902.0,0.024528376686998365
932,Pennsylvania,2019-02-01,35.5376,-96.9247,PA,2019-02,180970.0,0.02491349089035011
933,Pennsylvania,2019-03-01,35.5376,-96.9247,PA,2019-03,181385.0,0.027263820219628254
934,Pennsylvania,2019-04-01,35.5376,-96.9247,PA,2019-04,182972.0,0.03625170611255535
935,Pennsylvania,2019-05-01,35.5376,-96.9247,PA,2019-05,183564.0,0.0396044650593812
936,Rhode Island,2017-06-01,44.5672,-122.1269,RI,2017-06,24649.0,0.0
937,Rhode Island,2017-07-01,44.5672,-122.1269,RI,2017-07,25187.0,0.021826443263418316
938,Rhode Island,2017-08-01,44.5672,-122.1269,RI,2017-08,26437.0,0.07253843969329377
939,Rhode Island,2017-09-01,44.5672,-122.1269,RI,2017-09,27398.0,0.11152582254858201
940,Rhode Island,2017-10-01,44.5672,-122.1269,RI,2017-10,28012.0,0.136435555194937
941,Rhode Island,2017-11-01,44.5672,-122.1269,RI,2017-11,29125.0,0.18158951681609792
942,Rhode Island,2017-12-01,44.5672,-122.1269,RI,2017-12,29323.0,0.1896222970505903
943,Rhode Island,2018-01-01,44.5672,-122.1269,RI,2018-01,29944.0,0.2148160168769524
944,Rhode Island,2018-02-01,44.5672,-122.1269,RI,2018-02,29544.0,0.19858817801939233
945,Rhode Island,2018-03-01,44.5672,-122.1269,RI,2018-03,29606.0,0.20110349304231412
946,Rhode Island,2018-04-01,44.5672,-122.1269,RI,2018-04,29890.0,0.21262525863118187
947,Rhode Island,2018-05-01,44.5672,-122.1269,RI,2018-05,30199.0,0.2251612641486469
948,Rhode Island,2018-06-01,44.5672,-122.1269,RI,2018-06,30534.0,0.2387520791918536
949,Rhode Island,2018-07-01,44.5672,-122.1269,RI,2018-07,30941.0,0.255263905229421
950,Rhode Island,2018-08-01,44.5672,-122.1269,RI,2018-08,31614.0,0.28256724410726597
951,Rhode Island,2018-09-01,44.5672,-122.1269,RI,2018-09,31873.0,0.2930747697675362
952,Rhode Island,2018-10-01,44.5672,-122.1269,RI,2018-10,32239.0,0.3079232423222038
953,Rhode Island,2018-11-01,44.5672,-122.1269,RI,2018-11,32410.0,0.3148606434338106
954,Rhode Island,2018-12-01,44.5672,-122.1269,RI,2018-12,32669.0,0.32536816909408084
955,Rhode Island,2019-01-01,44.5672,-122.1269,RI,2019-01,33085.0,0.34224512150594344
956,Rhode Island,2019-02-01,44.5672,-122.1269,RI,2019-02,32629.0,0.32374538520832497
957,Rhode Island,2019-03-01,44.5672,-122.1269,RI,2019-03,33247.0,0.34881739624325525
958,Rhode Island,2019-04-01,44.5672,-122.1269,RI,2019-04,30759.0,0.24788023854923114
959,Rhode Island,2019-05-01,44.5672,-122.1269,RI,2019-05,31626.0,0.28305407927299275
960,South Carolina,2017-06-01,40.5773,-77.264,SC,2017-06,77066.0,0.0
961,South Carolina,2017-07-01,40.5773,-77.264,SC,2017-07,77267.0,0.002608154049775546
962,South Carolina,2017-08-01,40.5773,-77.264,SC,2017-08,78498.0,0.018581475618301146
963,South Carolina,2017-09-01,40.5773,-77.264,SC,2017-09,79644.0,0.03345184646926014
964,South Carolina,2017-10-01,40.5773,-77.264,SC,2017-10,81007.0,0.05113798562271299
965,South Carolina,2017-11-01,40.5773,-77.264,SC,2017-11,81718.0,0.060363843977889076
966,South Carolina,2017-12-01,40.5773,-77.264,SC,2017-12,82151.0,0.06598240469208205
967,South Carolina,2018-01-01,40.5773,-77.264,SC,2018-01,82425.0,0.06953779876988553
968,South Carolina,2018-02-01,40.5773,-77.264,SC,2018-02,84132.0,0.09168764435678511
969,South Carolina,2018-03-01,40.5773,-77.264,SC,2018-03,83065.0,0.07784236887862361
970,South Carolina,2018-04-01,40.5773,-77.264,SC,2018-04,84991.0,0.10283393454960676
971,South Carolina,2018-05-01,40.5773,-77.264,SC,2018-05,86168.0,0.11810655801520764
972,South Carolina,2018-06-01,40.5773,-77.264,SC,2018-06,85135.0,0.10470246282407292
973,South Carolina,2018-07-01,40.5773,-77.264,SC,2018-07,88267.0,0.14534295279370935
974,South Carolina,2018-08-01,40.5773,-77.264,SC,2018-08,85794.0,0.11325357485791399
975,South Carolina,2018-09-01,40.5773,-77.264,SC,2018-09,88407.0,0.14715957750499564
976,South Carolina,2018-10-01,40.5773,-77.264,SC,2018-10,88427.0,0.1474190953208938
977,South Carolina,2018-11-01,40.5773,-77.264,SC,2018-11,86765.0,0.12585316481976494
978,South Carolina,2018-12-01,40.5773,-77.264,SC,2018-12,87698.0,0.13795967093140948
979,South Carolina,2019-01-01,40.5773,-77.264,SC,2019-01,90730.0,0.1773025718215555
980,South Carolina,2019-02-01,40.5773,-77.264,SC,2019-02,89673.0,0.16358705525134298
981,South Carolina,2019-03-01,40.5773,-77.264,SC,2019-03,89652.0,0.16331456154465007
982,South Carolina,2019-04-01,40.5773,-77.264,SC,2019-04,89980.0,0.16757065372537827
983,South Carolina,2019-05-01,40.5773,-77.264,SC,2019-05,90099.0,0.16911478472997166
984,South Dakota,2017-06-01,18.2766,-66.335,SD,2017-06,15656.0,0.0
985,South Dakota,2017-07-01,18.2766,-66.335,SD,2017-07,15658.0,0.00012774655084313302
986,South Dakota,2017-08-01,18.2766,-66.335,SD,2017-08,15716.0,0.0038323965252937686
987,South Dakota,2017-09-01,18.2766,-66.335,SD,2017-09,15873.0,0.013860500766479378
988,South Dakota,2017-10-01,18.2766,-66.335,SD,2017-10,16126.0,0.030020439448134928
989,South Dakota,2017-11-01,18.2766,-66.335,SD,2017-11,16245.0,0.03762135922330101
990,South Dakota,2017-12-01,18.2766,-66.335,SD,2017-12,16408.0,0.048032703117015796
991,South Dakota,2018-01-01,18.2766,-66.335,SD,2018-01,16463.0,0.05154573326520184
992,South Dakota,2018-02-01,18.2766,-66.335,SD,2018-02,16420.0,0.048799182422074594
993,South Dakota,2018-03-01,18.2766,-66.335,SD,2018-03,16217.0,0.03583290751149715
994,South Dakota,2018-04-01,18.2766,-66.335,SD,2018-04,16144.0,0.031170158405723125
995,South Dakota,2018-05-01,18.2766,-66.335,SD,2018-05,16066.0,0.02618804292284116
996,South Dakota,2018-06-01,18.2766,-66.335,SD,2018-06,15900.0,0.015585079202861563
997,South Dakota,2018-07-01,18.2766,-66.335,SD,2018-07,15831.0,0.011177823198773584
998,South Dakota,2018-08-01,18.2766,-66.335,SD,2018-08,15871.0,0.013732754215636245
999,South Dakota,2018-09-01,18.2766,-66.335,SD,2018-09,15798.0,0.009070005109862
1000,South Dakota,2018-10-01,18.2766,-66.335,SD,2018-10,15967.0,0.019864588656106186
1001,South Dakota,2018-11-01,18.2766,-66.335,SD,2018-11,15940.0,0.018140010219724
1002,South Dakota,2018-12-01,18.2766,-66.335,SD,2018-12,15920.0,0.016862544711292893
1003,South Dakota,2019-01-01,18.2766,-66.335,SD,2019-01,16058.0,0.025677056719468627
1004,South Dakota,2019-02-01,18.2766,-66.335,SD,2019-02,16026.0,0.0236331119059785
1005,South Dakota,2019-03-01,18.2766,-66.335,SD,2019-03,15924.0,0.01711803781297916
1006,South Dakota,2019-04-01,18.2766,-66.335,SD,2019-04,15775.0,0.007600919775166082
1007,South Dakota,2019-05-01,18.2766,-66.335,SD,2019-05,15653.0,-0.00019161982626469953
1008,Tennessee,2017-06-01,41.6772,-71.5101,TN,2017-06,80422.0,0.0
1009,Tennessee,2017-07-01,41.6772,-71.5101,TN,2017-07,79837.0,-0.007274128969684934
1010,Tennessee,2017-08-01,41.6772,-71.5101,TN,2017-08,79542.0,-0.010942279475765315
1011,Tennessee,2017-09-01,41.6772,-71.5101,TN,2017-09,78690.0,-0.021536395513665374
1012,Tennessee,2017-10-01,41.6772,-71.5101,TN,2017-10,78711.0,-0.02127527293526643
1013,Tennessee,2017-11-01,41.6772,-71.5101,TN,2017-11,79944.0,-0.005943647260699847
1014,Tennessee,2017-12-01,41.6772,-71.5101,TN,2017-12,80929.0,0.006304245107060291
1015,Tennessee,2018-01-01,41.6772,-71.5101,TN,2018-01,80524.0,0.0012683096665091487
1016,Tennessee,2018-02-01,41.6772,-71.5101,TN,2018-02,79145.0,-0.015878739648354956
1017,Tennessee,2018-03-01,41.6772,-71.5101,TN,2018-03,77669.0,-0.03423192658725227
1018,Tennessee,2018-04-01,41.6772,-71.5101,TN,2018-04,76320.0,-0.05100594364726074
1019,Tennessee,2018-05-01,41.6772,-71.5101,TN,2018-05,75305.0,-0.0636268682698764
1020,Tennessee,2018-06-01,41.6772,-71.5101,TN,2018-06,58880.0,-0.26786202780333734
1021,Tennessee,2018-07-01,41.6772,-71.5101,TN,2018-07,53142.0,-0.33921066374872544
1022,Tennessee,2018-08-01,41.6772,-71.5101,TN,2018-08,52718.0,-0.34448285295068515
1023,Tennessee,2018-09-01,41.6772,-71.5101,TN,2018-09,49677.0,-0.3822958891845515
1024,Tennessee,2018-10-01,41.6772,-71.5101,TN,2018-10,52617.0,-0.3457387282086991
1025,Tennessee,2018-11-01,41.6772,-71.5101,TN,2018-11,52056.0,-0.35271443137449954
1026,Tennessee,2018-12-01,41.6772,-71.5101,TN,2018-12,54275.0,-0.3251224789236776
1027,Tennessee,2019-01-01,41.6772,-71.5101,TN,2019-01,51990.0,-0.3535351023351819
1028,Tennessee,2019-02-01,41.6772,-71.5101,TN,2019-02,54237.0,-0.32559498644649476
1029,Tennessee,2019-03-01,41.6772,-71.5101,TN,2019-03,53715.0,-0.33208574768098287
1030,Tennessee,2019-04-01,41.6772,-71.5101,TN,2019-04,52198.0,-0.3509487453681829
1031,Tennessee,2019-05-01,41.6772,-71.5101,TN,2019-05,53757.0,-0.33156350252418487
1032,Texas,2017-06-01,33.8191,-80.9066,TX,2017-06,548770.0,0.0
1033,Texas,2017-07-01,33.8191,-80.9066,TX,2017-07,559318.0,0.01922116733786461
1034,Texas,2017-08-01,33.8191,-80.9066,TX,2017-08,580238.0,0.05734278477322019
1035,Texas,2017-09-01,33.8191,-80.9066,TX,2017-09,608688.0,0.10918599777684634
1036,Texas,2017-10-01,33.8191,-80.9066,TX,2017-10,543483.0,-0.009634273010550864
1037,Texas,2017-11-01,33.8191,-80.9066,TX,2017-11,564554.0,0.028762505238989045
1038,Texas,2017-12-01,33.8191,-80.9066,TX,2017-12,583593.0,0.0634564571678482
1039,Texas,2018-01-01,33.8191,-80.9066,TX,2018-01,610274.0,0.11207609745430691
1040,Texas,2018-02-01,33.8191,-80.9066,TX,2018-02,630754.0,0.14939592178872751
1041,Texas,2018-03-01,33.8191,-80.9066,TX,2018-03,683342.0,0.24522477540681886
1042,Texas,2018-04-01,33.8191,-80.9066,TX,2018-04,629245.0,0.1466461359039306
1043,Texas,2018-05-01,33.8191,-80.9066,TX,2018-05,629754.0,0.1475736647411483
1044,Texas,2018-06-01,33.8191,-80.9066,TX,2018-06,657443.0,0.19803014013156695
1045,Texas,2018-07-01,33.8191,-80.9066,TX,2018-07,641763.0,0.16945714962552616
1046,Texas,2018-08-01,33.8191,-80.9066,TX,2018-08,648139.0,0.18107586056089064
1047,Texas,2018-09-01,33.8191,-80.9066,TX,2018-09,608263.0,0.10841153853162533
1048,Texas,2018-10-01,33.8191,-80.9066,TX,2018-10,618530.0,0.12712065163912012
1049,Texas,2018-11-01,33.8191,-80.9066,TX,2018-11,641741.0,0.1694170599704794
1050,Texas,2018-12-01,33.8191,-80.9066,TX,2018-12,606779.0,0.10570730907301784
1051,Texas,2019-01-01,33.8191,-80.9066,TX,2019-01,608220.0,0.10833318147857929
1052,Texas,2019-02-01,33.8191,-80.9066,TX,2019-02,638916.0,0.16426918381106836
1053,Texas,2019-03-01,33.8191,-80.9066,TX,2019-03,635960.0,0.15888259197842447
1054,Texas,2019-04-01,33.8191,-80.9066,TX,2019-04,585620.0,0.067150172203291
1055,Texas,2019-05-01,33.8191,-80.9066,TX,2019-05,603928.0,0.10051205423036969
1056,Utah,2017-06-01,44.2853,-99.4632,UT,2017-06,47588.0,0.0
1057,Utah,2017-07-01,44.2853,-99.4632,UT,2017-07,47598.0,0.0002101370093301469
1058,Utah,2017-08-01,44.2853,-99.4632,UT,2017-08,47976.0,0.008153315962007301
1059,Utah,2017-09-01,44.2853,-99.4632,UT,2017-09,47366.0,-0.004665041607127884
1060,Utah,2017-10-01,44.2853,-99.4632,UT,2017-10,47110.0,-0.010044549045977957
1061,Utah,2017-11-01,44.2853,-99.4632,UT,2017-11,47072.0,-0.010843069681432338
1062,Utah,2017-12-01,44.2853,-99.4632,UT,2017-12,47395.0,-0.004055644280070658
1063,Utah,2018-01-01,44.2853,-99.4632,UT,2018-01,47296.0,-0.006136000672438469
1064,Utah,2018-02-01,44.2853,-99.4632,UT,2018-02,46528.0,-0.0222745229889888
1065,Utah,2018-03-01,44.2853,-99.4632,UT,2018-03,45861.0,-0.03629066151130533
1066,Utah,2018-04-01,44.2853,-99.4632,UT,2018-04,45862.0,-0.03626964781037234
1067,Utah,2018-05-01,44.2853,-99.4632,UT,2018-05,45425.0,-0.04545263511809705
1068,Utah,2018-06-01,44.2853,-99.4632,UT,2018-06,44872.0,-0.057073211734050555
1069,Utah,2018-07-01,44.2853,-99.4632,UT,2018-07,44341.0,-0.068231486929478
1070,Utah,2018-08-01,44.2853,-99.4632,UT,2018-08,44934.0,-0.05577036227620413
1071,Utah,2018-09-01,44.2853,-99.4632,UT,2018-09,44650.0,-0.06173825334117844
1072,Utah,2018-10-01,44.2853,-99.4632,UT,2018-10,44362.0,-0.06779019920988483
1073,Utah,2018-11-01,44.2853,-99.4632,UT,2018-11,44494.0,-0.06501639068672771
1074,Utah,2018-12-01,44.2853,-99.4632,UT,2018-12,43715.0,-0.08138606371354118
1075,Utah,2019-01-01,44.2853,-99.4632,UT,2019-01,43531.0,-0.0852525846852148
1076,Utah,2019-02-01,44.2853,-99.4632,UT,2019-02,43168.0,-0.09288055812389673
1077,Utah,2019-03-01,44.2853,-99.4632,UT,2019-03,41590.0,-0.12604017819618396
1078,Utah,2019-04-01,44.2853,-99.4632,UT,2019-04,41966.0,-0.11813902664537279
1079,Utah,2019-05-01,44.2853,-99.4632,UT,2019-05,41394.0,-0.1301588635790536
1080,Virginia,2017-06-01,35.7449,-86.7489,VA,2017-06,123573.0,0.0
1081,Virginia,2017-07-01,35.7449,-86.7489,VA,2017-07,125431.0,0.015035646945530168
1082,Virginia,2017-08-01,35.7449,-86.7489,VA,2017-08,127762.0,0.033898990879884794
1083,Virginia,2017-09-01,35.7449,-86.7489,VA,2017-09,129779.0,0.050221326665210064
1084,Virginia,2017-10-01,35.7449,-86.7489,VA,2017-10,129432.0,0.04741326988905348
1085,Virginia,2017-11-01,35.7449,-86.7489,VA,2017-11,131771.0,0.0663413528845298
1086,Virginia,2017-12-01,35.7449,-86.7489,VA,2017-12,133423.0,0.07970996900617444
1087,Virginia,2018-01-01,35.7449,-86.7489,VA,2018-01,134892.0,0.09159767910465888
1088,Virginia,2018-02-01,35.7449,-86.7489,VA,2018-02,138374.0,0.11977535545790752
1089,Virginia,2018-03-01,35.7449,-86.7489,VA,2018-03,139142.0,0.12599030532559707
1090,Virginia,2018-04-01,35.7449,-86.7489,VA,2018-04,139073.0,0.12543193092342175
1091,Virginia,2018-05-01,35.7449,-86.7489,VA,2018-05,139184.0,0.12633018539648622
1092,Virginia,2018-06-01,35.7449,-86.7489,VA,2018-06,137995.0,0.11670834243726391
1093,Virginia,2018-07-01,35.7449,-86.7489,VA,2018-07,139265.0,0.1269856683903441
1094,Virginia,2018-08-01,35.7449,-86.7489,VA,2018-08,138837.0,0.12352212862032963
1095,Virginia,2018-09-01,35.7449,-86.7489,VA,2018-09,136524.0,0.10480444757349905
1096,Virginia,2018-10-01,35.7449,-86.7489,VA,2018-10,139694.0,0.13045730054299898
1097,Virginia,2018-11-01,35.7449,-86.7489,VA,2018-11,139096.0,0.12561805572414686
1098,Virginia,2018-12-01,35.7449,-86.7489,VA,2018-12,141712.0,0.14678772871096446
1099,Virginia,2019-01-01,35.7449,-86.7489,VA,2019-01,142241.0,0.15106859912764126
1100,Virginia,2019-02-01,35.7449,-86.7489,VA,2019-02,142345.0,0.151910206922224
1101,Virginia,2019-03-01,35.7449,-86.7489,VA,2019-03,144654.0,0.17059551843849374
1102,Virginia,2019-04-01,35.7449,-86.7489,VA,2019-04,142433.0,0.1526223365945636
1103,Virginia,2019-05-01,35.7449,-86.7489,VA,2019-05,142551.0,0.15357723774610954
1104,Vermont,2017-06-01,31.106,-97.6475,VT,2017-06,4930.0,0.0
1105,Vermont,2017-07-01,31.106,-97.6475,VT,2017-07,4858.0,-0.014604462474645086
1106,Vermont,2017-08-01,31.106,-97.6475,VT,2017-08,4705.0,-0.045638945233265726
1107,Vermont,2017-09-01,31.106,-97.6475,VT,2017-09,4641.0,-0.05862068965517242
1108,Vermont,2017-10-01,31.106,-97.6475,VT,2017-10,4667.0,-0.05334685598377287
1109,Vermont,2017-11-01,31.106,-97.6475,VT,2017-11,4704.0,-0.045841784989858025
1110,Vermont,2017-12-01,31.106,-97.6475,VT,2017-12,4662.0,-0.05436105476673425
1111,Vermont,2018-01-01,31.106,-97.6475,VT,2018-01,4757.0,-0.03509127789046651
1112,Vermont,2018-02-01,31.106,-97.6475,VT,2018-02,4660.0,-0.05476673427991885
1113,Vermont,2018-03-01,31.106,-97.6475,VT,2018-03,4666.0,-0.053549695740365166
1114,Vermont,2018-04-01,31.106,-97.6475,VT,2018-04,4675.0,-0.051724137931034475
1115,Vermont,2018-05-01,31.106,-97.6475,VT,2018-05,4512.0,-0.0847870182555781
1116,Vermont,2018-06-01,31.106,-97.6475,VT,2018-06,4362.0,-0.11521298174442196
1117,Vermont,2018-07-01,31.106,-97.6475,VT,2018-07,4404.0,-0.10669371196754562
1118,Vermont,2018-08-01,31.106,-97.6475,VT,2018-08,4418.0,-0.10385395537525355
1119,Vermont,2018-09-01,31.106,-97.6475,VT,2018-09,4359.0,-0.11582150101419875
1120,Vermont,2018-10-01,31.106,-97.6475,VT,2018-10,4429.0,-0.10162271805273837
1121,Vermont,2018-11-01,31.106,-97.6475,VT,2018-11,4483.0,-0.09066937119675456
1122,Vermont,2018-12-01,31.106,-97.6475,VT,2018-12,4525.0,-0.08215010141987833
1123,Vermont,2019-01-01,31.106,-97.6475,VT,2019-01,4587.0,-0.06957403651115623
1124,Vermont,2019-02-01,31.106,-97.6475,VT,2019-02,4603.0,-0.06632860040567956
1125,Vermont,2019-03-01,31.106,-97.6475,VT,2019-03,4676.0,-0.051521298174442176
1126,Vermont,2019-04-01,31.106,-97.6475,VT,2019-04,4639.0,-0.05902636916835702
1127,Vermont,2019-05-01,31.106,-97.6475,VT,2019-05,4254.0,-0.13711967545638948
1128,Washington,2017-06-01,40.1135,-111.8535,WA,2017-06,52342.0,0.0
1129,Washington,2017-07-01,40.1135,-111.8535,WA,2017-07,53431.0,0.020805471705322764
1130,Washington,2017-08-01,40.1135,-111.8535,WA,2017-08,54212.0,0.03572656757479642
1131,Washington,2017-09-01,40.1135,-111.8535,WA,2017-09,55272.0,0.05597799090596456
1132,Washington,2017-10-01,40.1135,-111.8535,WA,2017-10,56390.0,0.07733751098544195
1133,Washington,2017-11-01,40.1135,-111.8535,WA,2017-11,58842.0,0.12418325627603077
1134,Washington,2017-12-01,40.1135,-111.8535,WA,2017-12,60191.0,0.14995605823239466
1135,Washington,2018-01-01,40.1135,-111.8535,WA,2018-01,61586.0,0.17660769554086575
1136,Washington,2018-02-01,40.1135,-111.8535,WA,2018-02,62465.0,0.19340109281265527
1137,Washington,2018-03-01,40.1135,-111.8535,WA,2018-03,64245.0,0.22740819991593741
1138,Washington,2018-04-01,40.1135,-111.8535,WA,2018-04,60858.0,0.16269917083795038
1139,Washington,2018-05-01,40.1135,-111.8535,WA,2018-05,61703.0,0.1788429941538343
1140,Washington,2018-06-01,40.1135,-111.8535,WA,2018-06,62476.0,0.19361124909250704
1141,Washington,2018-07-01,40.1135,-111.8535,WA,2018-07,63626.0,0.21558213289518924
1142,Washington,2018-08-01,40.1135,-111.8535,WA,2018-08,65099.0,0.243723969278973
1143,Washington,2018-09-01,40.1135,-111.8535,WA,2018-09,65922.0,0.2594474800351534
1144,Washington,2018-10-01,40.1135,-111.8535,WA,2018-10,66955.0,0.27918306522486724
1145,Washington,2018-11-01,40.1135,-111.8535,WA,2018-11,68923.0,0.3167819342019793
1146,Washington,2018-12-01,40.1135,-111.8535,WA,2018-12,70468.0,0.34629933896297427
1147,Washington,2019-01-01,40.1135,-111.8535,WA,2019-01,70413.0,0.34524855756371564
1148,Washington,2019-02-01,40.1135,-111.8535,WA,2019-02,70434.0,0.3456497650070689
1149,Washington,2019-03-01,40.1135,-111.8535,WA,2019-03,71654.0,0.3689580069542624
1150,Washington,2019-04-01,40.1135,-111.8535,WA,2019-04,65705.0,0.25530166978716906
1151,Washington,2019-05-01,40.1135,-111.8535,WA,2019-05,66394.0,0.2684650949524283
1152,Wisconsin,2017-06-01,37.768,-78.2057,WI,2017-06,61884.0,0.0
1153,Wisconsin,2017-07-01,37.768,-78.2057,WI,2017-07,62202.0,0.005138646499903032
1154,Wisconsin,2017-08-01,37.768,-78.2057,WI,2017-08,62835.0,0.01536746170254033
1155,Wisconsin,2017-09-01,37.768,-78.2057,WI,2017-09,63539.0,0.026743584771508067
1156,Wisconsin,2017-10-01,37.768,-78.2057,WI,2017-10,64467.0,0.04173938336242
1157,Wisconsin,2017-11-01,37.768,-78.2057,WI,2017-11,65680.0,0.061340572684377204
1158,Wisconsin,2017-12-01,37.768,-78.2057,WI,2017-12,66549.0,0.07538297459763421
1159,Wisconsin,2018-01-01,37.768,-78.2057,WI,2018-01,67219.0,0.08620968263202111
1160,Wisconsin,2018-02-01,37.768,-78.2057,WI,2018-02,67780.0,0.0952750307026049
1161,Wisconsin,2018-03-01,37.768,-78.2057,WI,2018-03,66074.0,0.06770732337922558
1162,Wisconsin,2018-04-01,37.768,-78.2057,WI,2018-04,66510.0,0.07475276323443869
1163,Wisconsin,2018-05-01,37.768,-78.2057,WI,2018-05,66782.0,0.07914808351108515
1164,Wisconsin,2018-06-01,37.768,-78.2057,WI,2018-06,67885.0,0.09697175360351618
1165,Wisconsin,2018-07-01,37.768,-78.2057,WI,2018-07,68098.0,0.10041367720250793
1166,Wisconsin,2018-08-01,37.768,-78.2057,WI,2018-08,68985.0,0.11474694589877843
1167,Wisconsin,2018-09-01,37.768,-78.2057,WI,2018-09,69505.0,0.12314976407472034
1168,Wisconsin,2018-10-01,37.768,-78.2057,WI,2018-10,70622.0,0.141199663887273
1169,Wisconsin,2018-11-01,37.768,-78.2057,WI,2018-11,71126.0,0.14934393381164757
1170,Wisconsin,2018-12-01,37.768,-78.2057,WI,2018-12,70867.0,0.14515868398939946
1171,Wisconsin,2019-01-01,37.768,-78.2057,WI,2019-01,70673.0,0.14202378643914426
1172,Wisconsin,2019-02-01,37.768,-78.2057,WI,2019-02,70011.0,0.13132635253054104
1173,Wisconsin,2019-03-01,37.768,-78.2057,WI,2019-03,67038.0,0.08328485553616449
1174,Wisconsin,2019-04-01,37.768,-78.2057,WI,2019-04,68735.0,0.11070712946803707
1175,Wisconsin,2019-05-01,37.768,-78.2057,WI,2019-05,68033.0,0.09936332493051525
1176,West Virginia,2017-06-01,18.0001,-64.8199,WV,2017-06,32188.0,0.0
1177,West Virginia,2017-07-01,18.0001,-64.8199,WV,2017-07,21294.0,-0.33844911147011314
1178,West Virginia,2017-08-01,18.0001,-64.8199,WV,2017-08,32285.0,0.003013545420653685
1179,West Virginia,2017-09-01,18.0001,-64.8199,WV,2017-09,32746.0,0.017335653038399457
1180,West Virginia,2017-10-01,18.0001,-64.8199,WV,2017-10,32838.0,0.020193861066235774
1181,West Virginia,2017-11-01,18.0001,-64.8199,WV,2017-11,32569.0,0.011836709332670559
1182,West Virginia,2017-12-01,18.0001,-64.8199,WV,2017-12,32565.0,0.011712439418416709
1183,West Virginia,2018-01-01,18.0001,-64.8199,WV,2018-01,32877.0,0.021405492730210085
1184,West Virginia,2018-02-01,18.0001,-64.8199,WV,2018-02,33100.0,0.02833354044985703
1185,West Virginia,2018-03-01,18.0001,-64.8199,WV,2018-03,33473.0,0.03992170995402011
1186,West Virginia,2018-04-01,18.0001,-64.8199,WV,2018-04,32762.0,0.01783273269541441
1187,West Virginia,2018-05-01,18.0001,-64.8199,WV,2018-05,32774.0,0.018205542438175737
1188,West Virginia,2018-06-01,18.0001,-64.8199,WV,2018-06,32717.0,0.01643469616005966
1189,West Virginia,2018-07-01,18.0001,-64.8199,WV,2018-07,32863.0,0.020970548030321945
1190,West Virginia,2018-08-01,18.0001,-64.8199,WV,2018-08,33348.0,0.03603827513359015
1191,West Virginia,2018-09-01,18.0001,-64.8199,WV,2018-09,33432.0,0.03864794333291921
1192,West Virginia,2018-10-01,18.0001,-64.8199,WV,2018-10,33553.0,0.042407108239095326
1193,West Virginia,2018-11-01,18.0001,-64.8199,WV,2018-11,33461.0,0.039548900211258786
1194,West Virginia,2018-12-01,18.0001,-64.8199,WV,2018-12,33328.0,0.035416925562321344
1195,West Virginia,2019-01-01,18.0001,-64.8199,WV,2019-01,33631.0,0.044830371567043725
1196,West Virginia,2019-02-01,18.0001,-64.8199,WV,2019-02,33747.0,0.048434199080402696
1197,West Virginia,2019-03-01,18.0001,-64.8199,WV,2019-03,33868.0,0.05219336398657881
1198,West Virginia,2019-04-01,18.0001,-64.8199,WV,2019-04,32940.0,0.023362743879706827
1199,West Virginia,2019-05-01,18.0001,-64.8199,WV,2019-05,32983.0,0.024698645457934543
1200,Wyoming,2017-06-01,44.0407,-72.7093,WY,2017-06,4264.0,0.0
1201,Wyoming,2017-07-01,44.0407,-72.7093,WY,2017-07,4234.0,-0.0070356472795497504
1202,Wyoming,2017-08-01,44.0407,-72.7093,WY,2017-08,4342.0,0.018292682926829285
1203,Wyoming,2017-09-01,44.0407,-72.7093,WY,2017-09,4510.0,0.05769230769230771
1204,Wyoming,2017-10-01,44.0407,-72.7093,WY,2017-10,4503.0,0.05605065666041287
1205,Wyoming,2017-11-01,44.0407,-72.7093,WY,2017-11,4650.0,0.09052532833020632
1206,Wyoming,2017-12-01,44.0407,-72.7093,WY,2017-12,4639.0,0.08794559099437138
1207,Wyoming,2018-01-01,44.0407,-72.7093,WY,2018-01,4767.0,0.11796435272045036
1208,Wyoming,2018-02-01,44.0407,-72.7093,WY,2018-02,4824.0,0.13133208255159468
1209,Wyoming,2018-03-01,44.0407,-72.7093,WY,2018-03,4714.0,0.1055347091932457
1210,Wyoming,2018-04-01,44.0407,-72.7093,WY,2018-04,4488.0,0.052532833020637826
1211,Wyoming,2018-05-01,44.0407,-72.7093,WY,2018-05,4507.0,0.056988742964352745
1212,Wyoming,2018-06-01,44.0407,-72.7093,WY,2018-06,4471.0,0.048545966228892956
1213,Wyoming,2018-07-01,44.0407,-72.7093,WY,2018-07,4455.0,0.04479362101313322
1214,Wyoming,2018-08-01,44.0407,-72.7093,WY,2018-08,4622.0,0.08395872420262673
1215,Wyoming,2018-09-01,44.0407,-72.7093,WY,2018-09,4614.0,0.08208255159474676
1216,Wyoming,2018-10-01,44.0407,-72.7093,WY,2018-10,4597.0,0.07809568480300189
1217,Wyoming,2018-11-01,44.0407,-72.7093,WY,2018-11,4694.0,0.10084427767354587
1218,Wyoming,2018-12-01,44.0407,-72.7093,WY,2018-12,4618.0,0.08302063789868663
1219,Wyoming,2019-01-01,44.0407,-72.7093,WY,2019-01,4641.0,0.08841463414634143
1220,Wyoming,2019-02-01,44.0407,-72.7093,WY,2019-02,4712.0,0.10506566604127587
1221,Wyoming,2019-03-01,44.0407,-72.7093,WY,2019-03,4673.0,0.09591932457786112
1222,Wyoming,2019-04-01,44.0407,-72.7093,WY,2019-04,4311.0,0.011022514071294509
1223,Wyoming,2019-05-01,44.0407,-72.7093,WY,2019-05,4263.0,-0.000234521575985025
