state_name,date,lat,lon,state_abbrev,month_y,chip_x,chip_change
Alaska,2017-06-01,61.385,-152.2683,AK,2017-06,12454.0,0.00%
Alaska,2017-07-01,61.385,-152.2683,AK,2017-06,12605.0,1.21%
Alaska,2017-08-01,61.385,-152.2683,AK,2017-06,12763.0,2.48%
Alaska,2017-09-01,61.385,-152.2683,AK,2017-06,12602.0,1.19%
Alaska,2017-10-01,61.385,-152.2683,AK,2017-06,12963.0,4.09%
Alaska,2017-11-01,61.385,-152.2683,AK,2017-06,12802.0,2.79%
Alaska,2017-12-01,61.385,-152.2683,AK,2017-06,12919.0,3.73%
Alaska,2018-01-01,61.385,-152.2683,AK,2017-06,13141.0,5.52%
Alaska,2018-02-01,61.385,-152.2683,AK,2017-06,13163.0,5.69%
Alaska,2018-03-01,61.385,-152.2683,AK,2017-06,13280.0,6.63%
Alaska,2018-04-01,61.385,-152.2683,AK,2017-06,13293.0,6.74%
Alaska,2018-05-01,61.385,-152.2683,AK,2017-06,13403.0,7.62%
Alaska,2018-06-01,61.385,-152.2683,AK,2017-06,13729.0,10.24%
Alaska,2018-07-01,61.385,-152.2683,AK,2017-06,13803.0,10.83%
Alaska,2018-08-01,61.385,-152.2683,AK,2017-06,13757.0,10.46%
Alaska,2018-09-01,61.385,-152.2683,AK,2017-06,13915.0,11.73%
Alaska,2018-10-01,61.385,-152.2683,AK,2017-06,14385.0,15.51%
Alaska,2018-11-01,61.385,-152.2683,AK,2017-06,14835.0,19.12%
Alaska,2018-12-01,61.385,-152.2683,AK,2017-06,14835.0,19.12%
Alaska,2019-01-01,61.385,-152.2683,AK,2017-06,15137.0,21.54%
Alaska,2019-02-01,61.385,-152.2683,AK,2017-06,15378.0,23.48%
Alaska,2019-03-01,61.385,-152.2683,AK,2017-06,15396.0,23.62%
Alaska,2019-04-01,61.385,-152.2683,AK,2017-06,15448.0,24.04%
Alaska,2019-05-01,61.385,-152.2683,AK,2017-06,15565.0,24.98%
Alabama,2017-06-01,32.799,-86.8073,AL,2017-06,153485.0,0.00%
Alabama,2017-07-01,32.799,-86.8073,AL,2017-06,154070.0,0.38%
Alabama,2017-08-01,32.799,-86.8073,AL,2017-06,155549.0,1.34%
Alabama,2017-09-01,32.799,-86.8073,AL,2017-06,158144.0,3.04%
Alabama,2017-10-01,32.799,-86.8073,AL,2017-06,159080.0,3.65%
Alabama,2017-11-01,32.799,-86.8073,AL,2017-06,172664.0,12.50%
Alabama,2017-12-01,32.799,-86.8073,AL,2017-06,169741.0,10.59%
Alabama,2018-01-01,32.799,-86.8073,AL,2017-06,172500.0,12.39%
Alabama,2018-02-01,32.799,-86.8073,AL,2017-06,175921.0,14.62%
Alabama,2018-03-01,32.799,-86.8073,AL,2017-06,176135.0,14.76%
Alabama,2018-04-01,32.799,-86.8073,AL,2017-06,175462.0,14.32%
Alabama,2018-05-01,32.799,-86.8073,AL,2017-06,171306.0,11.61%
Alabama,2018-06-01,32.799,-86.8073,AL,2017-06,170836.0,11.30%
Alabama,2018-07-01,32.799,-86.8073,AL,2017-06,169023.0,10.12%
Alabama,2018-08-01,32.799,-86.8073,AL,2017-06,171013.0,11.42%
Alabama,2018-09-01,32.799,-86.8073,AL,2017-06,171556.0,11.77%
Alabama,2018-10-01,32.799,-86.8073,AL,2017-06,173001.0,12.72%
Alabama,2018-11-01,32.799,-86.8073,AL,2017-06,167896.0,9.39%
Alabama,2018-12-01,32.799,-86.8073,AL,2017-06,172669.0,12.50%
Alabama,2019-01-01,32.799,-86.8073,AL,2017-06,173221.0,12.86%
Alabama,2019-02-01,32.799,-86.8073,AL,2017-06,169528.0,10.45%
Alabama,2019-03-01,32.799,-86.8073,AL,2017-06,173379.0,12.96%
Alabama,2019-04-01,32.799,-86.8073,AL,2017-06,172620.0,12.47%
Alabama,2019-05-01,32.799,-86.8073,AL,2017-06,170608.0,11.16%
Arkansas,2017-06-01,34.9513,-92.3809,AR,2017-06,79706.0,0.00%
Arkansas,2017-07-01,34.9513,-92.3809,AR,2017-06,80213.0,0.64%
Arkansas,2017-08-01,34.9513,-92.3809,AR,2017-06,80464.0,0.95%
Arkansas,2017-09-01,34.9513,-92.3809,AR,2017-06,80933.0,1.54%
Arkansas,2017-10-01,34.9513,-92.3809,AR,2017-06,81498.0,2.25%
Arkansas,2017-11-01,34.9513,-92.3809,AR,2017-06,82000.0,2.88%
Arkansas,2017-12-01,34.9513,-92.3809,AR,2017-06,82209.0,3.14%
Arkansas,2018-01-01,34.9513,-92.3809,AR,2017-06,81849.0,2.69%
Arkansas,2018-02-01,34.9513,-92.3809,AR,2017-06,82251.0,3.19%
Arkansas,2018-03-01,34.9513,-92.3809,AR,2017-06,82902.0,4.01%
Arkansas,2018-04-01,34.9513,-92.3809,AR,2017-06,83001.0,4.13%
Arkansas,2018-05-01,34.9513,-92.3809,AR,2017-06,82333.0,3.30%
Arkansas,2018-06-01,34.9513,-92.3809,AR,2017-06,83390.0,4.62%
Arkansas,2018-07-01,34.9513,-92.3809,AR,2017-06,83111.0,4.27%
Arkansas,2018-08-01,34.9513,-92.3809,AR,2017-06,83934.0,5.30%
Arkansas,2018-09-01,34.9513,-92.3809,AR,2017-06,83731.0,5.05%
Arkansas,2018-10-01,34.9513,-92.3809,AR,2017-06,83731.0,5.05%
Arkansas,2018-11-01,34.9513,-92.3809,AR,2017-06,86737.0,8.82%
Arkansas,2018-12-01,34.9513,-92.3809,AR,2017-06,85481.0,7.25%
Arkansas,2019-01-01,34.9513,-92.3809,AR,2017-06,88048.0,10.47%
Arkansas,2019-02-01,34.9513,-92.3809,AR,2017-06,89274.0,12.00%
Arkansas,2019-03-01,34.9513,-92.3809,AR,2017-06,89558.0,12.36%
Arkansas,2019-04-01,34.9513,-92.3809,AR,2017-06,89668.0,12.50%
Arkansas,2019-05-01,34.9513,-92.3809,AR,2017-06,88902.0,11.54%
Arizona,2017-06-01,14.2417,-170.7197,AZ,2017-06,95206.0,0.00%
Arizona,2017-07-01,14.2417,-170.7197,AZ,2017-06,95962.0,0.79%
Arizona,2017-08-01,14.2417,-170.7197,AZ,2017-06,96089.0,0.93%
Arizona,2017-09-01,14.2417,-170.7197,AZ,2017-06,96125.0,0.97%
Arizona,2017-10-01,14.2417,-170.7197,AZ,2017-06,97855.0,2.78%
Arizona,2017-11-01,14.2417,-170.7197,AZ,2017-06,97389.0,2.29%
Arizona,2017-12-01,14.2417,-170.7197,AZ,2017-06,96759.0,1.63%
Arizona,2018-01-01,14.2417,-170.7197,AZ,2017-06,93414.0,-1.88%
Arizona,2018-02-01,14.2417,-170.7197,AZ,2017-06,93927.0,-1.34%
Arizona,2018-03-01,14.2417,-170.7197,AZ,2017-06,96855.0,1.73%
Arizona,2018-04-01,14.2417,-170.7197,AZ,2017-06,99702.0,4.72%
Arizona,2018-05-01,14.2417,-170.7197,AZ,2017-06,98492.0,3.45%
Arizona,2018-06-01,14.2417,-170.7197,AZ,2017-06,98761.0,3.73%
Arizona,2018-07-01,14.2417,-170.7197,AZ,2017-06,99749.0,4.77%
Arizona,2018-08-01,14.2417,-170.7197,AZ,2017-06,100159.0,5.20%
Arizona,2018-09-01,14.2417,-170.7197,AZ,2017-06,104919.0,10.20%
Arizona,2018-10-01,14.2417,-170.7197,AZ,2017-06,102384.0,7.54%
Arizona,2018-11-01,14.2417,-170.7197,AZ,2017-06,102220.0,7.37%
Arizona,2018-12-01,14.2417,-170.7197,AZ,2017-06,102983.0,8.17%
Arizona,2019-01-01,14.2417,-170.7197,AZ,2017-06,103840.0,9.07%
Arizona,2019-02-01,14.2417,-170.7197,AZ,2017-06,104571.0,9.84%
Arizona,2019-03-01,14.2417,-170.7197,AZ,2017-06,104382.0,9.64%
Arizona,2019-04-01,14.2417,-170.7197,AZ,2017-06,103141.0,8.33%
Arizona,2019-05-01,14.2417,-170.7197,AZ,2017-06,101573.0,6.69%
California,2017-06-01,33.7712,-111.3877,CA,2017-06,1288447.0,0.00%
California,2017-07-01,33.7712,-111.3877,CA,2017-06,1278622.0,-0.76%
California,2017-08-01,33.7712,-111.3877,CA,2017-06,1300715.0,0.95%
California,2017-09-01,33.7712,-111.3877,CA,2017-06,1295211.0,0.52%
California,2017-10-01,33.7712,-111.3877,CA,2017-06,1296237.0,0.60%
California,2017-11-01,33.7712,-111.3877,CA,2017-06,1291611.0,0.25%
California,2017-12-01,33.7712,-111.3877,CA,2017-06,1295707.0,0.56%
California,2018-01-01,33.7712,-111.3877,CA,2017-06,1300582.0,0.94%
California,2018-02-01,33.7712,-111.3877,CA,2017-06,1317347.0,2.24%
California,2018-03-01,33.7712,-111.3877,CA,2017-06,1317035.0,2.22%
California,2018-04-01,33.7712,-111.3877,CA,2017-06,1316781.0,2.20%
California,2018-05-01,33.7712,-111.3877,CA,2017-06,1312237.0,1.85%
California,2018-06-01,33.7712,-111.3877,CA,2017-06,1308792.0,1.58%
California,2018-07-01,33.7712,-111.3877,CA,2017-06,1310504.0,1.71%
California,2018-08-01,33.7712,-111.3877,CA,2017-06,1308428.0,1.55%
California,2018-09-01,33.7712,-111.3877,CA,2017-06,1295682.0,0.56%
California,2018-10-01,33.7712,-111.3877,CA,2017-06,1305036.0,1.29%
California,2018-11-01,33.7712,-111.3877,CA,2017-06,1292777.0,0.34%
California,2018-12-01,33.7712,-111.3877,CA,2017-06,1302373.0,1.08%
California,2019-01-01,33.7712,-111.3877,CA,2017-06,1293571.0,0.40%
California,2019-02-01,33.7712,-111.3877,CA,2017-06,1310759.0,1.73%
California,2019-03-01,33.7712,-111.3877,CA,2017-06,1313436.0,1.94%
California,2019-04-01,33.7712,-111.3877,CA,2017-06,1303851.0,1.20%
California,2019-05-01,33.7712,-111.3877,CA,2017-06,1300583.0,0.94%
Colorado,2017-06-01,36.17,-119.7462,CO,2017-06,74513.0,0.00%
Colorado,2017-07-01,36.17,-119.7462,CO,2017-06,75094.0,0.78%
Colorado,2017-08-01,36.17,-119.7462,CO,2017-06,75836.0,1.78%
Colorado,2017-09-01,36.17,-119.7462,CO,2017-06,75048.0,0.72%
Colorado,2017-10-01,36.17,-119.7462,CO,2017-06,75406.0,1.20%
Colorado,2017-11-01,36.17,-119.7462,CO,2017-06,75867.0,1.82%
Colorado,2017-12-01,36.17,-119.7462,CO,2017-06,75861.0,1.81%
Colorado,2018-01-01,36.17,-119.7462,CO,2017-06,76756.0,3.01%
Colorado,2018-02-01,36.17,-119.7462,CO,2017-06,82518.0,10.74%
Colorado,2018-03-01,36.17,-119.7462,CO,2017-06,84501.0,13.40%
Colorado,2018-04-01,36.17,-119.7462,CO,2017-06,90311.0,21.20%
Colorado,2018-05-01,36.17,-119.7462,CO,2017-06,90818.0,21.88%
Colorado,2018-06-01,36.17,-119.7462,CO,2017-06,82449.0,10.65%
Colorado,2018-07-01,36.17,-119.7462,CO,2017-06,83011.0,11.40%
Colorado,2018-08-01,36.17,-119.7462,CO,2017-06,81955.0,9.99%
Colorado,2018-09-01,36.17,-119.7462,CO,2017-06,80329.0,7.81%
Colorado,2018-10-01,36.17,-119.7462,CO,2017-06,80294.0,7.76%
Colorado,2018-11-01,36.17,-119.7462,CO,2017-06,82533.0,10.76%
Colorado,2018-12-01,36.17,-119.7462,CO,2017-06,80005.0,7.37%
Colorado,2019-01-01,36.17,-119.7462,CO,2017-06,80219.0,7.66%
Colorado,2019-02-01,36.17,-119.7462,CO,2017-06,81252.0,9.04%
Colorado,2019-03-01,36.17,-119.7462,CO,2017-06,81848.0,9.84%
Colorado,2019-04-01,36.17,-119.7462,CO,2017-06,83508.0,12.07%
Colorado,2019-05-01,36.17,-119.7462,CO,2017-06,83961.0,12.68%
Connecticut,2017-06-01,39.0646,-105.3272,CT,2017-06,17597.0,0.00%
Connecticut,2017-07-01,39.0646,-105.3272,CT,2017-06,17331.0,-1.51%
Connecticut,2017-08-01,39.0646,-105.3272,CT,2017-06,17495.0,-0.58%
Connecticut,2017-09-01,39.0646,-105.3272,CT,2017-06,17735.0,0.78%
Connecticut,2017-10-01,39.0646,-105.3272,CT,2017-06,17740.0,0.81%
Connecticut,2017-11-01,39.0646,-105.3272,CT,2017-06,18226.0,3.57%
Connecticut,2017-12-01,39.0646,-105.3272,CT,2017-06,18363.0,4.35%
Connecticut,2018-01-01,39.0646,-105.3272,CT,2017-06,18059.0,2.63%
Connecticut,2018-02-01,39.0646,-105.3272,CT,2017-06,17717.0,0.68%
Connecticut,2018-03-01,39.0646,-105.3272,CT,2017-06,17460.0,-0.78%
Connecticut,2018-04-01,39.0646,-105.3272,CT,2017-06,18055.0,2.60%
Connecticut,2018-05-01,39.0646,-105.3272,CT,2017-06,18167.0,3.24%
Connecticut,2018-06-01,39.0646,-105.3272,CT,2017-06,18613.0,5.77%
Connecticut,2018-07-01,39.0646,-105.3272,CT,2017-06,18719.0,6.38%
Connecticut,2018-08-01,39.0646,-105.3272,CT,2017-06,18731.0,6.44%
Connecticut,2018-09-01,39.0646,-105.3272,CT,2017-06,18709.0,6.32%
Connecticut,2018-10-01,39.0646,-105.3272,CT,2017-06,18942.0,7.64%
Connecticut,2018-11-01,39.0646,-105.3272,CT,2017-06,19416.0,10.34%
Connecticut,2018-12-01,39.0646,-105.3272,CT,2017-06,19874.0,12.94%
Connecticut,2019-01-01,39.0646,-105.3272,CT,2017-06,20117.0,14.32%
Connecticut,2019-02-01,39.0646,-105.3272,CT,2017-06,19984.0,13.56%
Connecticut,2019-03-01,39.0646,-105.3272,CT,2017-06,19788.0,12.45%
Connecticut,2019-04-01,39.0646,-105.3272,CT,2017-06,19675.0,11.81%
Connecticut,2019-05-01,39.0646,-105.3272,CT,2017-06,19793.0,12.48%
District of Columbia,2017-06-01,41.5834,-72.7622,DC,2017-06,9702.0,0.00%
District of Columbia,2017-07-01,41.5834,-72.7622,DC,2017-06,10630.0,9.57%
District of Columbia,2017-08-01,41.5834,-72.7622,DC,2017-06,11474.0,18.26%
District of Columbia,2017-09-01,41.5834,-72.7622,DC,2017-06,11465.0,18.17%
District of Columbia,2017-10-01,41.5834,-72.7622,DC,2017-06,11800.0,21.62%
District of Columbia,2017-11-01,41.5834,-72.7622,DC,2017-06,11915.0,22.81%
District of Columbia,2017-12-01,41.5834,-72.7622,DC,2017-06,12141.0,25.14%
District of Columbia,2018-01-01,41.5834,-72.7622,DC,2017-06,12466.0,28.49%
District of Columbia,2018-02-01,41.5834,-72.7622,DC,2017-06,12858.0,32.53%
District of Columbia,2018-03-01,41.5834,-72.7622,DC,2017-06,12982.0,33.81%
District of Columbia,2018-04-01,41.5834,-72.7622,DC,2017-06,13254.0,36.61%
District of Columbia,2018-05-01,41.5834,-72.7622,DC,2017-06,13643.0,40.62%
District of Columbia,2018-06-01,41.5834,-72.7622,DC,2017-06,14072.0,45.04%
District of Columbia,2018-07-01,41.5834,-72.7622,DC,2017-06,15413.0,58.86%
District of Columbia,2018-08-01,41.5834,-72.7622,DC,2017-06,15598.0,60.77%
District of Columbia,2018-09-01,41.5834,-72.7622,DC,2017-06,15773.0,62.57%
District of Columbia,2018-10-01,41.5834,-72.7622,DC,2017-06,16265.0,67.65%
District of Columbia,2018-11-01,41.5834,-72.7622,DC,2017-06,16314.0,68.15%
District of Columbia,2018-12-01,41.5834,-72.7622,DC,2017-06,16490.0,69.96%
District of Columbia,2019-01-01,41.5834,-72.7622,DC,2017-06,16223.0,67.21%
District of Columbia,2019-02-01,41.5834,-72.7622,DC,2017-06,16451.0,69.56%
District of Columbia,2019-03-01,41.5834,-72.7622,DC,2017-06,16642.0,71.53%
District of Columbia,2019-04-01,41.5834,-72.7622,DC,2017-06,16816.0,73.33%
District of Columbia,2019-05-01,41.5834,-72.7622,DC,2017-06,16849.0,73.67%
Delaware,2017-06-01,38.8964,-77.0262,DE,2017-06,11291.0,0.00%
Delaware,2017-07-01,38.8964,-77.0262,DE,2017-06,11275.0,-0.14%
Delaware,2017-08-01,38.8964,-77.0262,DE,2017-06,11254.0,-0.33%
Delaware,2017-09-01,38.8964,-77.0262,DE,2017-06,11332.0,0.36%
Delaware,2017-10-01,38.8964,-77.0262,DE,2017-06,11390.0,0.88%
Delaware,2017-11-01,38.8964,-77.0262,DE,2017-06,11337.0,0.41%
Delaware,2017-12-01,38.8964,-77.0262,DE,2017-06,11339.0,0.43%
Delaware,2018-01-01,38.8964,-77.0262,DE,2017-06,11352.0,0.54%
Delaware,2018-02-01,38.8964,-77.0262,DE,2017-06,11299.0,0.07%
Delaware,2018-03-01,38.8964,-77.0262,DE,2017-06,11148.0,-1.27%
Delaware,2018-04-01,38.8964,-77.0262,DE,2017-06,10970.0,-2.84%
Delaware,2018-05-01,38.8964,-77.0262,DE,2017-06,10952.0,-3.00%
Delaware,2018-06-01,38.8964,-77.0262,DE,2017-06,10990.0,-2.67%
Delaware,2018-07-01,38.8964,-77.0262,DE,2017-06,11052.0,-2.12%
Delaware,2018-08-01,38.8964,-77.0262,DE,2017-06,11124.0,-1.48%
Delaware,2018-09-01,38.8964,-77.0262,DE,2017-06,11154.0,-1.21%
Delaware,2018-10-01,38.8964,-77.0262,DE,2017-06,11305.0,0.12%
Delaware,2018-11-01,38.8964,-77.0262,DE,2017-06,11405.0,1.01%
Delaware,2018-12-01,38.8964,-77.0262,DE,2017-06,11450.0,1.41%
Delaware,2019-01-01,38.8964,-77.0262,DE,2017-06,11484.0,1.71%
Delaware,2019-02-01,38.8964,-77.0262,DE,2017-06,11504.0,1.89%
Delaware,2019-03-01,38.8964,-77.0262,DE,2017-06,11457.0,1.47%
Delaware,2019-04-01,38.8964,-77.0262,DE,2017-06,11238.0,-0.47%
Delaware,2019-05-01,38.8964,-77.0262,DE,2017-06,11186.0,-0.93%
Florida,2017-06-01,39.3498,-75.5148,FL,2017-06,195119.0,0.00%
Florida,2017-07-01,39.3498,-75.5148,FL,2017-06,195641.0,0.27%
Florida,2017-08-01,39.3498,-75.5148,FL,2017-06,196698.0,0.81%
Florida,2017-09-01,39.3498,-75.5148,FL,2017-06,198605.0,1.79%
Florida,2017-10-01,39.3498,-75.5148,FL,2017-06,195249.0,0.07%
Florida,2017-11-01,39.3498,-75.5148,FL,2017-06,200842.0,2.93%
Florida,2017-12-01,39.3498,-75.5148,FL,2017-06,199511.0,2.25%
Florida,2018-01-01,39.3498,-75.5148,FL,2017-06,197644.0,1.29%
Florida,2018-02-01,39.3498,-75.5148,FL,2017-06,201022.0,3.03%
Florida,2018-03-01,39.3498,-75.5148,FL,2017-06,203448.0,4.27%
Florida,2018-04-01,39.3498,-75.5148,FL,2017-06,208107.0,6.66%
Florida,2018-05-01,39.3498,-75.5148,FL,2017-06,211035.0,8.16%
Florida,2018-06-01,39.3498,-75.5148,FL,2017-06,213335.0,9.34%
Florida,2018-07-01,39.3498,-75.5148,FL,2017-06,216350.0,10.88%
Florida,2018-08-01,39.3498,-75.5148,FL,2017-06,220608.0,13.06%
Florida,2018-09-01,39.3498,-75.5148,FL,2017-06,224955.0,15.29%
Florida,2018-10-01,39.3498,-75.5148,FL,2017-06,224861.0,15.24%
Florida,2018-11-01,39.3498,-75.5148,FL,2017-06,226942.0,16.31%
Florida,2018-12-01,39.3498,-75.5148,FL,2017-06,226442.0,16.05%
Florida,2019-01-01,39.3498,-75.5148,FL,2017-06,229377.0,17.56%
Florida,2019-02-01,39.3498,-75.5148,FL,2017-06,233512.0,19.68%
Florida,2019-03-01,39.3498,-75.5148,FL,2017-06,232229.0,19.02%
Florida,2019-04-01,39.3498,-75.5148,FL,2017-06,235332.0,20.61%
Florida,2019-05-01,39.3498,-75.5148,FL,2017-06,236954.0,21.44%
Georgia,2017-06-01,27.8333,-81.717,GA,2017-06,180906.0,0.00%
Georgia,2017-07-01,27.8333,-81.717,GA,2017-06,169839.0,-6.12%
Georgia,2017-08-01,27.8333,-81.717,GA,2017-06,177445.0,-1.91%
Georgia,2017-09-01,27.8333,-81.717,GA,2017-06,177349.0,-1.97%
Georgia,2017-10-01,27.8333,-81.717,GA,2017-06,183179.0,1.26%
Georgia,2017-11-01,27.8333,-81.717,GA,2017-06,187143.0,3.45%
Georgia,2017-12-01,27.8333,-81.717,GA,2017-06,186745.0,3.23%
Georgia,2018-01-01,27.8333,-81.717,GA,2017-06,195654.0,8.15%
Georgia,2018-02-01,27.8333,-81.717,GA,2017-06,197389.0,9.11%
Georgia,2018-03-01,27.8333,-81.717,GA,2017-06,207511.0,14.71%
Georgia,2018-04-01,27.8333,-81.717,GA,2017-06,203407.0,12.44%
Georgia,2018-05-01,27.8333,-81.717,GA,2017-06,204014.0,12.77%
Georgia,2018-06-01,27.8333,-81.717,GA,2017-06,207214.0,14.54%
Georgia,2018-07-01,27.8333,-81.717,GA,2017-06,210891.0,16.57%
Georgia,2018-08-01,27.8333,-81.717,GA,2017-06,209568.0,15.84%
Georgia,2018-09-01,27.8333,-81.717,GA,2017-06,207140.0,14.50%
Georgia,2018-10-01,27.8333,-81.717,GA,2017-06,206684.0,14.25%
Georgia,2018-11-01,27.8333,-81.717,GA,2017-06,210022.0,16.09%
Georgia,2018-12-01,27.8333,-81.717,GA,2017-06,212880.0,17.67%
Georgia,2019-01-01,27.8333,-81.717,GA,2017-06,209924.0,16.04%
Georgia,2019-02-01,27.8333,-81.717,GA,2017-06,211300.0,16.80%
Georgia,2019-03-01,27.8333,-81.717,GA,2017-06,214468.0,18.55%
Georgia,2019-04-01,27.8333,-81.717,GA,2017-06,207634.0,14.77%
Georgia,2019-05-01,27.8333,-81.717,GA,2017-06,209449.0,15.78%
Hawaii,2017-06-01,32.9866,-83.6487,HI,2017-06,23788.0,0.00%
Hawaii,2017-07-01,32.9866,-83.6487,HI,2017-06,23879.0,0.38%
Hawaii,2017-08-01,32.9866,-83.6487,HI,2017-06,23954.0,0.70%
Hawaii,2017-09-01,32.9866,-83.6487,HI,2017-06,24002.0,0.90%
Hawaii,2017-10-01,32.9866,-83.6487,HI,2017-06,24246.0,1.93%
Hawaii,2017-11-01,32.9866,-83.6487,HI,2017-06,24660.0,3.67%
Hawaii,2017-12-01,32.9866,-83.6487,HI,2017-06,24665.0,3.69%
Hawaii,2018-01-01,32.9866,-83.6487,HI,2017-06,24875.0,4.57%
Hawaii,2018-02-01,32.9866,-83.6487,HI,2017-06,24981.0,5.02%
Hawaii,2018-03-01,32.9866,-83.6487,HI,2017-06,24897.0,4.66%
Hawaii,2018-04-01,32.9866,-83.6487,HI,2017-06,24673.0,3.72%
Hawaii,2018-05-01,32.9866,-83.6487,HI,2017-06,24380.0,2.49%
Hawaii,2018-06-01,32.9866,-83.6487,HI,2017-06,24751.0,4.05%
Hawaii,2018-07-01,32.9866,-83.6487,HI,2017-06,24883.0,4.60%
Hawaii,2018-08-01,32.9866,-83.6487,HI,2017-06,24969.0,4.96%
Hawaii,2018-09-01,32.9866,-83.6487,HI,2017-06,25013.0,5.15%
Hawaii,2018-10-01,32.9866,-83.6487,HI,2017-06,24996.0,5.08%
Hawaii,2018-11-01,32.9866,-83.6487,HI,2017-06,25127.0,5.63%
Hawaii,2018-12-01,32.9866,-83.6487,HI,2017-06,25203.0,5.95%
Hawaii,2019-01-01,32.9866,-83.6487,HI,2017-06,25274.0,6.25%
Hawaii,2019-02-01,32.9866,-83.6487,HI,2017-06,25538.0,7.36%
Hawaii,2019-03-01,32.9866,-83.6487,HI,2017-06,25347.0,6.55%
Hawaii,2019-04-01,32.9866,-83.6487,HI,2017-06,25591.0,7.58%
Hawaii,2019-05-01,32.9866,-83.6487,HI,2017-06,25417.0,6.85%
Iowa,2017-06-01,21.1098,-157.5311,IA,2017-06,62351.0,0.00%
Iowa,2017-07-01,21.1098,-157.5311,IA,2017-06,62530.0,0.29%
Iowa,2017-08-01,21.1098,-157.5311,IA,2017-06,63234.0,1.42%
Iowa,2017-09-01,21.1098,-157.5311,IA,2017-06,60925.0,-2.29%
Iowa,2017-10-01,21.1098,-157.5311,IA,2017-06,63173.0,1.32%
Iowa,2017-11-01,21.1098,-157.5311,IA,2017-06,63943.0,2.55%
Iowa,2017-12-01,21.1098,-157.5311,IA,2017-06,66146.0,6.09%
Iowa,2018-01-01,21.1098,-157.5311,IA,2017-06,67603.0,8.42%
Iowa,2018-02-01,21.1098,-157.5311,IA,2017-06,67846.0,8.81%
Iowa,2018-03-01,21.1098,-157.5311,IA,2017-06,68644.0,10.09%
Iowa,2018-04-01,21.1098,-157.5311,IA,2017-06,69604.0,11.63%
Iowa,2018-05-01,21.1098,-157.5311,IA,2017-06,70093.0,12.42%
Iowa,2018-06-01,21.1098,-157.5311,IA,2017-06,70562.0,13.17%
Iowa,2018-07-01,21.1098,-157.5311,IA,2017-06,70583.0,13.20%
Iowa,2018-08-01,21.1098,-157.5311,IA,2017-06,70693.0,13.38%
Iowa,2018-09-01,21.1098,-157.5311,IA,2017-06,70929.0,13.76%
Iowa,2018-10-01,21.1098,-157.5311,IA,2017-06,71170.0,14.14%
Iowa,2018-11-01,21.1098,-157.5311,IA,2017-06,71660.0,14.93%
Iowa,2018-12-01,21.1098,-157.5311,IA,2017-06,71492.0,14.66%
Iowa,2019-01-01,21.1098,-157.5311,IA,2017-06,71609.0,14.85%
Iowa,2019-02-01,21.1098,-157.5311,IA,2017-06,72658.0,16.53%
Iowa,2019-03-01,21.1098,-157.5311,IA,2017-06,73226.0,17.44%
Iowa,2019-04-01,21.1098,-157.5311,IA,2017-06,73148.0,17.32%
Iowa,2019-05-01,21.1098,-157.5311,IA,2017-06,73113.0,17.26%
Idaho,2017-06-01,42.0046,-93.214,ID,2017-06,22507.0,0.00%
Idaho,2017-07-01,42.0046,-93.214,ID,2017-06,22487.0,-0.09%
Idaho,2017-08-01,42.0046,-93.214,ID,2017-06,22414.0,-0.41%
Idaho,2017-09-01,42.0046,-93.214,ID,2017-06,22189.0,-1.41%
Idaho,2017-10-01,42.0046,-93.214,ID,2017-06,22199.0,-1.37%
Idaho,2017-11-01,42.0046,-93.214,ID,2017-06,22039.0,-2.08%
Idaho,2017-12-01,42.0046,-93.214,ID,2017-06,21927.0,-2.58%
Idaho,2018-01-01,42.0046,-93.214,ID,2017-06,25551.0,13.52%
Idaho,2018-02-01,42.0046,-93.214,ID,2017-06,25072.0,11.40%
Idaho,2018-03-01,42.0046,-93.214,ID,2017-06,25173.0,11.85%
Idaho,2018-04-01,42.0046,-93.214,ID,2017-06,24436.0,8.57%
Idaho,2018-05-01,42.0046,-93.214,ID,2017-06,24485.0,8.79%
Idaho,2018-06-01,42.0046,-93.214,ID,2017-06,24409.0,8.45%
Idaho,2018-07-01,42.0046,-93.214,ID,2017-06,24355.0,8.21%
Idaho,2018-08-01,42.0046,-93.214,ID,2017-06,24428.0,8.54%
Idaho,2018-09-01,42.0046,-93.214,ID,2017-06,24369.0,8.27%
Idaho,2018-10-01,42.0046,-93.214,ID,2017-06,24310.0,8.01%
Idaho,2018-11-01,42.0046,-93.214,ID,2017-06,24163.0,7.36%
Idaho,2018-12-01,42.0046,-93.214,ID,2017-06,23947.0,6.40%
Idaho,2019-01-01,42.0046,-93.214,ID,2017-06,26639.0,18.36%
Idaho,2019-02-01,42.0046,-93.214,ID,2017-06,26427.0,17.42%
Idaho,2019-03-01,42.0046,-93.214,ID,2017-06,26412.0,17.35%
Idaho,2019-04-01,42.0046,-93.214,ID,2017-06,26212.0,16.46%
Idaho,2019-05-01,42.0046,-93.214,ID,2017-06,25846.0,14.84%
Illinois,2017-06-01,44.2394,-114.5103,IL,2017-06,249262.0,0.00%
Illinois,2017-07-01,44.2394,-114.5103,IL,2017-06,253385.0,1.65%
Illinois,2017-08-01,44.2394,-114.5103,IL,2017-06,250295.0,0.41%
Illinois,2017-09-01,44.2394,-114.5103,IL,2017-06,251715.0,0.98%
Illinois,2017-10-01,44.2394,-114.5103,IL,2017-06,253418.0,1.67%
Illinois,2017-11-01,44.2394,-114.5103,IL,2017-06,250614.0,0.54%
Illinois,2017-12-01,44.2394,-114.5103,IL,2017-06,243036.0,-2.50%
Illinois,2018-01-01,44.2394,-114.5103,IL,2017-06,243036.0,-2.50%
Illinois,2018-02-01,44.2394,-114.5103,IL,2017-06,231513.0,-7.12%
Illinois,2018-03-01,44.2394,-114.5103,IL,2017-06,226971.0,-8.94%
Illinois,2018-04-01,44.2394,-114.5103,IL,2017-06,222182.0,-10.86%
Illinois,2018-05-01,44.2394,-114.5103,IL,2017-06,224953.0,-9.75%
Illinois,2018-06-01,44.2394,-114.5103,IL,2017-06,229833.0,-7.79%
Illinois,2018-07-01,44.2394,-114.5103,IL,2017-06,232325.0,-6.79%
Illinois,2018-08-01,44.2394,-114.5103,IL,2017-06,235697.0,-5.44%
Illinois,2018-09-01,44.2394,-114.5103,IL,2017-06,238434.0,-4.34%
Illinois,2018-10-01,44.2394,-114.5103,IL,2017-06,242305.0,-2.79%
Illinois,2018-11-01,44.2394,-114.5103,IL,2017-06,246323.0,-1.18%
Illinois,2018-12-01,44.2394,-114.5103,IL,2017-06,251163.0,0.76%
Illinois,2019-01-01,44.2394,-114.5103,IL,2017-06,253417.0,1.67%
Illinois,2019-02-01,44.2394,-114.5103,IL,2017-06,255137.0,2.36%
Illinois,2019-03-01,44.2394,-114.5103,IL,2017-06,257247.0,3.20%
Illinois,2019-04-01,44.2394,-114.5103,IL,2017-06,260489.0,4.50%
Illinois,2019-05-01,44.2394,-114.5103,IL,2017-06,259164.0,3.97%
Indiana,2017-06-01,40.3363,-89.0022,IN,2017-06,102039.0,0.00%
Indiana,2017-07-01,40.3363,-89.0022,IN,2017-06,103811.0,1.74%
Indiana,2017-08-01,40.3363,-89.0022,IN,2017-06,101809.0,-0.23%
Indiana,2017-09-01,40.3363,-89.0022,IN,2017-06,104475.0,2.39%
Indiana,2017-10-01,40.3363,-89.0022,IN,2017-06,103444.0,1.38%
Indiana,2017-11-01,40.3363,-89.0022,IN,2017-06,104201.0,2.12%
Indiana,2017-12-01,40.3363,-89.0022,IN,2017-06,106888.0,4.75%
Indiana,2018-01-01,40.3363,-89.0022,IN,2017-06,108361.0,6.20%
Indiana,2018-02-01,40.3363,-89.0022,IN,2017-06,107609.0,5.46%
Indiana,2018-03-01,40.3363,-89.0022,IN,2017-06,109610.0,7.42%
Indiana,2018-04-01,40.3363,-89.0022,IN,2017-06,107707.0,5.55%
Indiana,2018-05-01,40.3363,-89.0022,IN,2017-06,109633.0,7.44%
Indiana,2018-06-01,40.3363,-89.0022,IN,2017-06,109806.0,7.61%
Indiana,2018-07-01,40.3363,-89.0022,IN,2017-06,109840.0,7.65%
Indiana,2018-08-01,40.3363,-89.0022,IN,2017-06,111241.0,9.02%
Indiana,2018-09-01,40.3363,-89.0022,IN,2017-06,112032.0,9.79%
Indiana,2018-10-01,40.3363,-89.0022,IN,2017-06,110574.0,8.36%
Indiana,2018-11-01,40.3363,-89.0022,IN,2017-06,111373.0,9.15%
Indiana,2018-12-01,40.3363,-89.0022,IN,2017-06,113224.0,10.96%
Indiana,2019-01-01,40.3363,-89.0022,IN,2017-06,111304.0,9.08%
Indiana,2019-02-01,40.3363,-89.0022,IN,2017-06,111738.0,9.51%
Indiana,2019-03-01,40.3363,-89.0022,IN,2017-06,113746.0,11.47%
Indiana,2019-04-01,40.3363,-89.0022,IN,2017-06,110832.0,8.62%
Indiana,2019-05-01,40.3363,-89.0022,IN,2017-06,110090.0,7.89%
Kansas,2017-06-01,39.8647,-86.2604,KS,2017-06,36959.0,0.00%
Kansas,2017-07-01,39.8647,-86.2604,KS,2017-06,37385.0,1.15%
Kansas,2017-08-01,39.8647,-86.2604,KS,2017-06,49479.0,33.88%
Kansas,2017-09-01,39.8647,-86.2604,KS,2017-06,50156.0,35.71%
Kansas,2017-10-01,39.8647,-86.2604,KS,2017-06,49839.0,34.85%
Kansas,2017-11-01,39.8647,-86.2604,KS,2017-06,50528.0,36.71%
Kansas,2017-12-01,39.8647,-86.2604,KS,2017-06,51177.0,38.47%
Kansas,2018-01-01,39.8647,-86.2604,KS,2017-06,51628.0,39.69%
Kansas,2018-02-01,39.8647,-86.2604,KS,2017-06,52346.0,41.63%
Kansas,2018-03-01,39.8647,-86.2604,KS,2017-06,53199.0,43.94%
Kansas,2018-04-01,39.8647,-86.2604,KS,2017-06,53036.0,43.50%
Kansas,2018-05-01,39.8647,-86.2604,KS,2017-06,52753.0,42.73%
Kansas,2018-06-01,39.8647,-86.2604,KS,2017-06,52816.0,42.90%
Kansas,2018-07-01,39.8647,-86.2604,KS,2017-06,52768.0,42.77%
Kansas,2018-08-01,39.8647,-86.2604,KS,2017-06,52664.0,42.49%
Kansas,2018-09-01,39.8647,-86.2604,KS,2017-06,52799.0,42.86%
Kansas,2018-10-01,39.8647,-86.2604,KS,2017-06,53704.0,45.31%
Kansas,2018-11-01,39.8647,-86.2604,KS,2017-06,54803.0,48.28%
Kansas,2018-12-01,39.8647,-86.2604,KS,2017-06,55651.0,50.57%
Kansas,2019-01-01,39.8647,-86.2604,KS,2017-06,56172.0,51.98%
Kansas,2019-02-01,39.8647,-86.2604,KS,2017-06,56044.0,51.64%
Kansas,2019-03-01,39.8647,-86.2604,KS,2017-06,56395.0,52.59%
Kansas,2019-04-01,39.8647,-86.2604,KS,2017-06,55176.0,49.29%
Kansas,2019-05-01,39.8647,-86.2604,KS,2017-06,55215.0,49.40%
Kentucky,2017-06-01,38.5111,-96.8005,KY,2017-06,82106.0,0.00%
Kentucky,2017-07-01,38.5111,-96.8005,KY,2017-06,82057.0,-0.06%
Kentucky,2017-08-01,38.5111,-96.8005,KY,2017-06,82607.0,0.61%
Kentucky,2017-09-01,38.5111,-96.8005,KY,2017-06,82788.0,0.83%
Kentucky,2017-10-01,38.5111,-96.8005,KY,2017-06,83762.0,2.02%
Kentucky,2017-11-01,38.5111,-96.8005,KY,2017-06,84769.0,3.24%
Kentucky,2017-12-01,38.5111,-96.8005,KY,2017-06,86509.0,5.36%
Kentucky,2018-01-01,38.5111,-96.8005,KY,2017-06,88127.0,7.33%
Kentucky,2018-02-01,38.5111,-96.8005,KY,2017-06,87750.0,6.87%
Kentucky,2018-03-01,38.5111,-96.8005,KY,2017-06,88432.0,7.70%
Kentucky,2018-04-01,38.5111,-96.8005,KY,2017-06,83499.0,1.70%
Kentucky,2018-05-01,38.5111,-96.8005,KY,2017-06,83762.0,2.02%
Kentucky,2018-06-01,38.5111,-96.8005,KY,2017-06,84460.0,2.87%
Kentucky,2018-07-01,38.5111,-96.8005,KY,2017-06,85840.0,4.55%
Kentucky,2018-08-01,38.5111,-96.8005,KY,2017-06,86903.0,5.84%
Kentucky,2018-09-01,38.5111,-96.8005,KY,2017-06,87399.0,6.45%
Kentucky,2018-10-01,38.5111,-96.8005,KY,2017-06,88347.0,7.60%
Kentucky,2018-11-01,38.5111,-96.8005,KY,2017-06,89606.0,9.13%
Kentucky,2018-12-01,38.5111,-96.8005,KY,2017-06,89607.0,9.14%
Kentucky,2019-01-01,38.5111,-96.8005,KY,2017-06,92955.0,13.21%
Kentucky,2019-02-01,38.5111,-96.8005,KY,2017-06,93069.0,13.35%
Kentucky,2019-03-01,38.5111,-96.8005,KY,2017-06,89244.0,8.69%
Kentucky,2019-04-01,38.5111,-96.8005,KY,2017-06,87641.0,6.74%
Kentucky,2019-05-01,38.5111,-96.8005,KY,2017-06,88083.0,7.28%
Louisiana,2017-06-01,37.669,-84.6514,LA,2017-06,119930.0,0.00%
Louisiana,2017-07-01,37.669,-84.6514,LA,2017-06,120459.0,0.44%
Louisiana,2017-08-01,37.669,-84.6514,LA,2017-06,120637.0,0.59%
Louisiana,2017-09-01,37.669,-84.6514,LA,2017-06,120968.0,0.87%
Louisiana,2017-10-01,37.669,-84.6514,LA,2017-06,121660.0,1.44%
Louisiana,2017-11-01,37.669,-84.6514,LA,2017-06,122246.0,1.93%
Louisiana,2017-12-01,37.669,-84.6514,LA,2017-06,123130.0,2.67%
Louisiana,2018-01-01,37.669,-84.6514,LA,2017-06,124012.0,3.40%
Louisiana,2018-02-01,37.669,-84.6514,LA,2017-06,124964.0,4.20%
Louisiana,2018-03-01,37.669,-84.6514,LA,2017-06,125563.0,4.70%
Louisiana,2018-04-01,37.669,-84.6514,LA,2017-06,126095.0,5.14%
Louisiana,2018-05-01,37.669,-84.6514,LA,2017-06,126701.0,5.65%
Louisiana,2018-06-01,37.669,-84.6514,LA,2017-06,126830.0,5.75%
Louisiana,2018-07-01,37.669,-84.6514,LA,2017-06,127779.0,6.54%
Louisiana,2018-08-01,37.669,-84.6514,LA,2017-06,129033.0,7.59%
Louisiana,2018-09-01,37.669,-84.6514,LA,2017-06,129648.0,8.10%
Louisiana,2018-10-01,37.669,-84.6514,LA,2017-06,130565.0,8.87%
Louisiana,2018-11-01,37.669,-84.6514,LA,2017-06,132234.0,10.26%
Louisiana,2018-12-01,37.669,-84.6514,LA,2017-06,131994.0,10.06%
Louisiana,2019-01-01,37.669,-84.6514,LA,2017-06,132533.0,10.51%
Louisiana,2019-02-01,37.669,-84.6514,LA,2017-06,133910.0,11.66%
Louisiana,2019-03-01,37.669,-84.6514,LA,2017-06,138331.0,15.34%
Louisiana,2019-04-01,37.669,-84.6514,LA,2017-06,139316.0,16.16%
Louisiana,2019-05-01,37.669,-84.6514,LA,2017-06,132729.0,10.67%
Massachusetts,2017-06-01,31.1801,-91.8749,MA,2017-06,104793.0,0.00%
Massachusetts,2017-07-01,31.1801,-91.8749,MA,2017-06,173249.0,65.32%
Massachusetts,2017-08-01,31.1801,-91.8749,MA,2017-06,107198.0,2.30%
Massachusetts,2017-09-01,31.1801,-91.8749,MA,2017-06,177354.0,69.24%
Massachusetts,2017-10-01,31.1801,-91.8749,MA,2017-06,108656.0,3.69%
Massachusetts,2017-11-01,31.1801,-91.8749,MA,2017-06,184380.0,75.95%
Massachusetts,2017-12-01,31.1801,-91.8749,MA,2017-06,184341.0,75.91%
Massachusetts,2018-01-01,31.1801,-91.8749,MA,2017-06,171434.0,63.59%
Massachusetts,2018-02-01,31.1801,-91.8749,MA,2017-06,174312.0,66.34%
Massachusetts,2018-03-01,31.1801,-91.8749,MA,2017-06,178614.0,70.44%
Massachusetts,2018-04-01,31.1801,-91.8749,MA,2017-06,177165.0,69.06%
Massachusetts,2018-05-01,31.1801,-91.8749,MA,2017-06,177201.0,69.10%
Massachusetts,2018-06-01,31.1801,-91.8749,MA,2017-06,180640.0,72.38%
Massachusetts,2018-07-01,31.1801,-91.8749,MA,2017-06,175383.0,67.36%
Massachusetts,2018-08-01,31.1801,-91.8749,MA,2017-06,178388.0,70.23%
Massachusetts,2018-09-01,31.1801,-91.8749,MA,2017-06,181362.0,73.07%
Massachusetts,2018-10-01,31.1801,-91.8749,MA,2017-06,184136.0,75.71%
Massachusetts,2018-11-01,31.1801,-91.8749,MA,2017-06,186371.0,77.85%
Massachusetts,2018-12-01,31.1801,-91.8749,MA,2017-06,191392.0,82.64%
Massachusetts,2019-01-01,31.1801,-91.8749,MA,2017-06,176674.0,68.59%
Massachusetts,2019-02-01,31.1801,-91.8749,MA,2017-06,186168.0,77.65%
Massachusetts,2019-03-01,31.1801,-91.8749,MA,2017-06,185701.0,77.21%
Massachusetts,2019-04-01,31.1801,-91.8749,MA,2017-06,182516.0,74.17%
Massachusetts,2019-05-01,31.1801,-91.8749,MA,2017-06,182868.0,74.50%
Maryland,2017-06-01,42.2373,-71.5314,MD,2017-06,145749.0,0.00%
Maryland,2017-07-01,42.2373,-71.5314,MD,2017-06,144893.0,-0.59%
Maryland,2017-08-01,42.2373,-71.5314,MD,2017-06,146178.0,0.29%
Maryland,2017-09-01,42.2373,-71.5314,MD,2017-06,145867.0,0.08%
Maryland,2017-10-01,42.2373,-71.5314,MD,2017-06,145584.0,-0.11%
Maryland,2017-11-01,42.2373,-71.5314,MD,2017-06,146651.0,0.62%
Maryland,2017-12-01,42.2373,-71.5314,MD,2017-06,149089.0,2.29%
Maryland,2018-01-01,42.2373,-71.5314,MD,2017-06,148513.0,1.90%
Maryland,2018-02-01,42.2373,-71.5314,MD,2017-06,149092.0,2.29%
Maryland,2018-03-01,42.2373,-71.5314,MD,2017-06,150460.0,3.23%
Maryland,2018-04-01,42.2373,-71.5314,MD,2017-06,150033.0,2.94%
Maryland,2018-05-01,42.2373,-71.5314,MD,2017-06,150524.0,3.28%
Maryland,2018-06-01,42.2373,-71.5314,MD,2017-06,150182.0,3.04%
Maryland,2018-07-01,42.2373,-71.5314,MD,2017-06,152063.0,4.33%
Maryland,2018-08-01,42.2373,-71.5314,MD,2017-06,153359.0,5.22%
Maryland,2018-09-01,42.2373,-71.5314,MD,2017-06,153834.0,5.55%
Maryland,2018-10-01,42.2373,-71.5314,MD,2017-06,154463.0,5.98%
Maryland,2018-11-01,42.2373,-71.5314,MD,2017-06,155385.0,6.61%
Maryland,2018-12-01,42.2373,-71.5314,MD,2017-06,156666.0,7.49%
Maryland,2019-01-01,42.2373,-71.5314,MD,2017-06,173490.0,19.03%
Maryland,2019-02-01,42.2373,-71.5314,MD,2017-06,156273.0,7.22%
Maryland,2019-03-01,42.2373,-71.5314,MD,2017-06,155405.0,6.63%
Maryland,2019-04-01,42.2373,-71.5314,MD,2017-06,154762.0,6.18%
Maryland,2019-05-01,42.2373,-71.5314,MD,2017-06,153261.0,5.15%
Maine,2017-06-01,39.0724,-76.7902,ME,2017-06,4324.0,0.00%
Maine,2017-07-01,39.0724,-76.7902,ME,2017-06,4261.0,-1.46%
Maine,2017-08-01,39.0724,-76.7902,ME,2017-06,4197.0,-2.94%
Maine,2017-09-01,39.0724,-76.7902,ME,2017-06,4339.0,0.35%
Maine,2017-10-01,39.0724,-76.7902,ME,2017-06,4330.0,0.14%
Maine,2017-11-01,39.0724,-76.7902,ME,2017-06,4577.0,5.85%
Maine,2017-12-01,39.0724,-76.7902,ME,2017-06,4610.0,6.61%
Maine,2018-01-01,39.0724,-76.7902,ME,2017-06,4626.0,6.98%
Maine,2018-02-01,39.0724,-76.7902,ME,2017-06,4739.0,9.60%
Maine,2018-03-01,39.0724,-76.7902,ME,2017-06,4716.0,9.07%
Maine,2018-04-01,39.0724,-76.7902,ME,2017-06,4707.0,8.86%
Maine,2018-05-01,39.0724,-76.7902,ME,2017-06,9903.0,129.02%
Maine,2018-06-01,39.0724,-76.7902,ME,2017-06,10101.0,133.60%
Maine,2018-07-01,39.0724,-76.7902,ME,2017-06,10183.0,135.50%
Maine,2018-08-01,39.0724,-76.7902,ME,2017-06,10249.0,137.03%
Maine,2018-09-01,39.0724,-76.7902,ME,2017-06,10296.0,138.11%
Maine,2018-10-01,39.0724,-76.7902,ME,2017-06,10227.0,136.52%
Maine,2018-11-01,39.0724,-76.7902,ME,2017-06,10325.0,138.78%
Maine,2018-12-01,39.0724,-76.7902,ME,2017-06,10230.0,136.59%
Maine,2019-01-01,39.0724,-76.7902,ME,2017-06,10465.0,142.02%
Maine,2019-02-01,39.0724,-76.7902,ME,2017-06,10259.0,137.26%
Maine,2019-03-01,39.0724,-76.7902,ME,2017-06,10485.0,142.48%
Maine,2019-04-01,39.0724,-76.7902,ME,2017-06,10769.0,149.05%
Maine,2019-05-01,39.0724,-76.7902,ME,2017-06,10704.0,147.55%
Michigan,2017-06-01,44.6074,-69.3977,MI,2017-06,55237.0,0.00%
Michigan,2017-07-01,44.6074,-69.3977,MI,2017-06,53624.0,-2.92%
Michigan,2017-08-01,44.6074,-69.3977,MI,2017-06,53988.0,-2.26%
Michigan,2017-09-01,44.6074,-69.3977,MI,2017-06,55017.0,-0.40%
Michigan,2017-10-01,44.6074,-69.3977,MI,2017-06,55107.0,-0.24%
Michigan,2017-11-01,44.6074,-69.3977,MI,2017-06,57094.0,3.36%
Michigan,2017-12-01,44.6074,-69.3977,MI,2017-06,57245.0,3.64%
Michigan,2018-01-01,44.6074,-69.3977,MI,2017-06,57110.0,3.39%
Michigan,2018-02-01,44.6074,-69.3977,MI,2017-06,55537.0,0.54%
Michigan,2018-03-01,44.6074,-69.3977,MI,2017-06,56230.0,1.80%
Michigan,2018-04-01,44.6074,-69.3977,MI,2017-06,56120.0,1.60%
Michigan,2018-05-01,44.6074,-69.3977,MI,2017-06,55221.0,-0.03%
Michigan,2018-06-01,44.6074,-69.3977,MI,2017-06,55318.0,0.15%
Michigan,2018-07-01,44.6074,-69.3977,MI,2017-06,55791.0,1.00%
Michigan,2018-08-01,44.6074,-69.3977,MI,2017-06,57313.0,3.76%
Michigan,2018-09-01,44.6074,-69.3977,MI,2017-06,56839.0,2.90%
Michigan,2018-10-01,44.6074,-69.3977,MI,2017-06,57531.0,4.15%
Michigan,2018-11-01,44.6074,-69.3977,MI,2017-06,58546.0,5.99%
Michigan,2018-12-01,44.6074,-69.3977,MI,2017-06,59560.0,7.83%
Michigan,2019-01-01,44.6074,-69.3977,MI,2017-06,62497.0,13.14%
Michigan,2019-02-01,44.6074,-69.3977,MI,2017-06,61346.0,11.06%
Michigan,2019-03-01,44.6074,-69.3977,MI,2017-06,61969.0,12.19%
Michigan,2019-04-01,44.6074,-69.3977,MI,2017-06,61841.0,11.96%
Michigan,2019-05-01,44.6074,-69.3977,MI,2017-06,60061.0,8.73%
Minnesota,2017-06-01,43.3504,-84.5603,MN,2017-06,1342.0,0.00%
Minnesota,2017-07-01,43.3504,-84.5603,MN,2017-06,1307.0,-2.61%
Minnesota,2017-08-01,43.3504,-84.5603,MN,2017-06,1340.0,-0.15%
Minnesota,2017-09-01,43.3504,-84.5603,MN,2017-06,1351.0,0.67%
Minnesota,2017-10-01,43.3504,-84.5603,MN,2017-06,1425.0,6.18%
Minnesota,2017-11-01,43.3504,-84.5603,MN,2017-06,1351.0,0.67%
Minnesota,2017-12-01,43.3504,-84.5603,MN,2017-06,1264.0,-5.81%
Minnesota,2018-01-01,43.3504,-84.5603,MN,2017-06,1289.0,-3.95%
Minnesota,2018-02-01,43.3504,-84.5603,MN,2017-06,1417.0,5.59%
Minnesota,2018-03-01,43.3504,-84.5603,MN,2017-06,1390.0,3.58%
Minnesota,2018-04-01,43.3504,-84.5603,MN,2017-06,1334.0,-0.60%
Minnesota,2018-05-01,43.3504,-84.5603,MN,2017-06,1329.0,-0.97%
Minnesota,2018-06-01,43.3504,-84.5603,MN,2017-06,1194.0,-11.03%
Minnesota,2018-07-01,43.3504,-84.5603,MN,2017-06,1188.0,-11.48%
Minnesota,2018-08-01,43.3504,-84.5603,MN,2017-06,1278.0,-4.77%
Minnesota,2018-09-01,43.3504,-84.5603,MN,2017-06,1301.0,-3.06%
Minnesota,2018-10-01,43.3504,-84.5603,MN,2017-06,1134.0,-15.50%
Minnesota,2018-11-01,43.3504,-84.5603,MN,2017-06,1204.0,-10.28%
Minnesota,2018-12-01,43.3504,-84.5603,MN,2017-06,1225.0,-8.72%
Minnesota,2019-01-01,43.3504,-84.5603,MN,2017-06,1211.0,-9.76%
Minnesota,2019-02-01,43.3504,-84.5603,MN,2017-06,1100.0,-18.03%
Minnesota,2019-03-01,43.3504,-84.5603,MN,2017-06,1111.0,-17.21%
Minnesota,2019-04-01,43.3504,-84.5603,MN,2017-06,1256.0,-6.41%
Minnesota,2019-05-01,43.3504,-84.5603,MN,2017-06,1128.0,-15.95%
Missouri,2017-06-01,45.7326,-93.9196,MO,2017-06,28728.0,0.00%
Missouri,2017-07-01,45.7326,-93.9196,MO,2017-06,28525.0,-0.71%
Missouri,2017-08-01,45.7326,-93.9196,MO,2017-06,29682.0,3.32%
Missouri,2017-09-01,45.7326,-93.9196,MO,2017-06,29384.0,2.28%
Missouri,2017-10-01,45.7326,-93.9196,MO,2017-06,28815.0,0.30%
Missouri,2017-11-01,45.7326,-93.9196,MO,2017-06,28815.0,0.30%
Missouri,2017-12-01,45.7326,-93.9196,MO,2017-06,29506.0,2.71%
Missouri,2018-01-01,45.7326,-93.9196,MO,2017-06,30102.0,4.78%
Missouri,2018-02-01,45.7326,-93.9196,MO,2017-06,29821.0,3.80%
Missouri,2018-03-01,45.7326,-93.9196,MO,2017-06,30712.0,6.91%
Missouri,2018-04-01,45.7326,-93.9196,MO,2017-06,30569.0,6.41%
Missouri,2018-05-01,45.7326,-93.9196,MO,2017-06,30793.0,7.19%
Missouri,2018-06-01,45.7326,-93.9196,MO,2017-06,31196.0,8.59%
Missouri,2018-07-01,45.7326,-93.9196,MO,2017-06,31439.0,9.44%
Missouri,2018-08-01,45.7326,-93.9196,MO,2017-06,31553.0,9.83%
Missouri,2018-09-01,45.7326,-93.9196,MO,2017-06,31763.0,10.56%
Missouri,2018-10-01,45.7326,-93.9196,MO,2017-06,31585.0,9.95%
Missouri,2018-11-01,45.7326,-93.9196,MO,2017-06,31139.0,8.39%
Missouri,2018-12-01,45.7326,-93.9196,MO,2017-06,30963.0,7.78%
Missouri,2019-01-01,45.7326,-93.9196,MO,2017-06,31668.0,10.23%
Missouri,2019-02-01,45.7326,-93.9196,MO,2017-06,32246.0,12.25%
Missouri,2019-03-01,45.7326,-93.9196,MO,2017-06,32660.0,13.69%
Missouri,2019-04-01,45.7326,-93.9196,MO,2017-06,32319.0,12.50%
Missouri,2019-05-01,45.7326,-93.9196,MO,2017-06,32865.0,14.40%
Mississippi,2017-06-01,38.4623,-92.302,MS,2017-06,79987.0,0.00%
Mississippi,2017-07-01,38.4623,-92.302,MS,2017-06,79679.0,-0.39%
Mississippi,2017-08-01,38.4623,-92.302,MS,2017-06,79558.0,-0.54%
Mississippi,2017-09-01,38.4623,-92.302,MS,2017-06,79173.0,-1.02%
Mississippi,2017-10-01,38.4623,-92.302,MS,2017-06,78691.0,-1.62%
Mississippi,2017-11-01,38.4623,-92.302,MS,2017-06,78704.0,-1.60%
Mississippi,2017-12-01,38.4623,-92.302,MS,2017-06,78249.0,-2.17%
Mississippi,2018-01-01,38.4623,-92.302,MS,2017-06,78321.0,-2.08%
Mississippi,2018-02-01,38.4623,-92.302,MS,2017-06,78065.0,-2.40%
Mississippi,2018-03-01,38.4623,-92.302,MS,2017-06,78452.0,-1.92%
Mississippi,2018-04-01,38.4623,-92.302,MS,2017-06,77287.0,-3.38%
Mississippi,2018-05-01,38.4623,-92.302,MS,2017-06,76531.0,-4.32%
Mississippi,2018-06-01,38.4623,-92.302,MS,2017-06,76258.0,-4.66%
Mississippi,2018-07-01,38.4623,-92.302,MS,2017-06,75571.0,-5.52%
Mississippi,2018-08-01,38.4623,-92.302,MS,2017-06,75637.0,-5.44%
Mississippi,2018-09-01,38.4623,-92.302,MS,2017-06,76300.0,-4.61%
Mississippi,2018-10-01,38.4623,-92.302,MS,2017-06,75967.0,-5.03%
Mississippi,2018-11-01,38.4623,-92.302,MS,2017-06,75127.0,-6.08%
Mississippi,2018-12-01,38.4623,-92.302,MS,2017-06,75088.0,-6.12%
Mississippi,2019-01-01,38.4623,-92.302,MS,2017-06,76133.0,-4.82%
Mississippi,2019-02-01,38.4623,-92.302,MS,2017-06,75800.0,-5.23%
Mississippi,2019-03-01,38.4623,-92.302,MS,2017-06,75932.0,-5.07%
Mississippi,2019-04-01,38.4623,-92.302,MS,2017-06,76656.0,-4.16%
Mississippi,2019-05-01,38.4623,-92.302,MS,2017-06,76290.0,-4.62%
Montana,2017-06-01,14.8058,145.5505,MT,2017-06,29035.0,0.00%
Montana,2017-07-01,14.8058,145.5505,MT,2017-06,23660.0,-18.51%
Montana,2017-08-01,14.8058,145.5505,MT,2017-06,27836.0,-4.13%
Montana,2017-09-01,14.8058,145.5505,MT,2017-06,27336.0,-5.85%
Montana,2017-10-01,14.8058,145.5505,MT,2017-06,26780.0,-7.77%
Montana,2017-11-01,14.8058,145.5505,MT,2017-06,26447.0,-8.91%
Montana,2017-12-01,14.8058,145.5505,MT,2017-06,26686.0,-8.09%
Montana,2018-01-01,14.8058,145.5505,MT,2017-06,26639.0,-8.25%
Montana,2018-02-01,14.8058,145.5505,MT,2017-06,26777.0,-7.78%
Montana,2018-03-01,14.8058,145.5505,MT,2017-06,26266.0,-9.54%
Montana,2018-04-01,14.8058,145.5505,MT,2017-06,25821.0,-11.07%
Montana,2018-05-01,14.8058,145.5505,MT,2017-06,25662.0,-11.62%
Montana,2018-06-01,14.8058,145.5505,MT,2017-06,25288.0,-12.91%
Montana,2018-07-01,14.8058,145.5505,MT,2017-06,25123.0,-13.47%
Montana,2018-08-01,14.8058,145.5505,MT,2017-06,25398.0,-12.53%
Montana,2018-09-01,14.8058,145.5505,MT,2017-06,27415.0,-5.58%
Montana,2018-10-01,14.8058,145.5505,MT,2017-06,27828.0,-4.16%
Montana,2018-11-01,14.8058,145.5505,MT,2017-06,28025.0,-3.48%
Montana,2018-12-01,14.8058,145.5505,MT,2017-06,28325.0,-2.45%
Montana,2019-01-01,14.8058,145.5505,MT,2017-06,28900.0,-0.46%
Montana,2019-02-01,14.8058,145.5505,MT,2017-06,29433.0,1.37%
Montana,2019-03-01,14.8058,145.5505,MT,2017-06,29515.0,1.65%
Montana,2019-04-01,14.8058,145.5505,MT,2017-06,29617.0,2.00%
Montana,2019-05-01,14.8058,145.5505,MT,2017-06,29375.0,1.17%
North Carolina,2017-06-01,32.7673,-89.6812,NC,2017-06,223162.0,0.00%
North Carolina,2017-07-01,32.7673,-89.6812,NC,2017-06,231508.0,3.74%
North Carolina,2017-08-01,32.7673,-89.6812,NC,2017-06,226362.0,1.43%
North Carolina,2017-09-01,32.7673,-89.6812,NC,2017-06,236462.0,5.96%
North Carolina,2017-10-01,32.7673,-89.6812,NC,2017-06,236311.0,5.89%
North Carolina,2017-11-01,32.7673,-89.6812,NC,2017-06,239645.0,7.39%
North Carolina,2017-12-01,32.7673,-89.6812,NC,2017-06,234481.0,5.07%
North Carolina,2018-01-01,32.7673,-89.6812,NC,2017-06,236436.0,5.95%
North Carolina,2018-02-01,32.7673,-89.6812,NC,2017-06,244518.0,9.57%
North Carolina,2018-03-01,32.7673,-89.6812,NC,2017-06,245099.0,9.83%
North Carolina,2018-04-01,32.7673,-89.6812,NC,2017-06,245833.0,10.16%
North Carolina,2018-05-01,32.7673,-89.6812,NC,2017-06,240518.0,7.78%
North Carolina,2018-06-01,32.7673,-89.6812,NC,2017-06,248994.0,11.58%
North Carolina,2018-07-01,32.7673,-89.6812,NC,2017-06,243854.0,9.27%
North Carolina,2018-08-01,32.7673,-89.6812,NC,2017-06,246074.0,10.27%
North Carolina,2018-09-01,32.7673,-89.6812,NC,2017-06,256550.0,14.96%
North Carolina,2018-10-01,32.7673,-89.6812,NC,2017-06,252126.0,12.98%
North Carolina,2018-11-01,32.7673,-89.6812,NC,2017-06,254701.0,14.13%
North Carolina,2018-12-01,32.7673,-89.6812,NC,2017-06,255519.0,14.50%
North Carolina,2019-01-01,32.7673,-89.6812,NC,2017-06,258327.0,15.76%
North Carolina,2019-02-01,32.7673,-89.6812,NC,2017-06,266724.0,19.52%
North Carolina,2019-03-01,32.7673,-89.6812,NC,2017-06,267147.0,19.71%
North Carolina,2019-04-01,32.7673,-89.6812,NC,2017-06,268804.0,20.45%
North Carolina,2019-05-01,32.7673,-89.6812,NC,2017-06,263578.0,18.11%
North Dakota,2017-06-01,46.9048,-110.3261,ND,2017-06,1991.0,0.00%
North Dakota,2017-07-01,46.9048,-110.3261,ND,2017-06,1960.0,-1.56%
North Dakota,2017-08-01,46.9048,-110.3261,ND,2017-06,1940.0,-2.56%
North Dakota,2017-09-01,46.9048,-110.3261,ND,2017-06,1951.0,-2.01%
North Dakota,2017-10-01,46.9048,-110.3261,ND,2017-06,1966.0,-1.26%
North Dakota,2017-11-01,46.9048,-110.3261,ND,2017-06,1984.0,-0.35%
North Dakota,2017-12-01,46.9048,-110.3261,ND,2017-06,2008.0,0.85%
North Dakota,2018-01-01,46.9048,-110.3261,ND,2017-06,2056.0,3.26%
North Dakota,2018-02-01,46.9048,-110.3261,ND,2017-06,2078.0,4.37%
North Dakota,2018-03-01,46.9048,-110.3261,ND,2017-06,2087.0,4.82%
North Dakota,2018-04-01,46.9048,-110.3261,ND,2017-06,2067.0,3.82%
North Dakota,2018-05-01,46.9048,-110.3261,ND,2017-06,2072.0,4.07%
North Dakota,2018-06-01,46.9048,-110.3261,ND,2017-06,2052.0,3.06%
North Dakota,2018-07-01,46.9048,-110.3261,ND,2017-06,2088.0,4.87%
North Dakota,2018-08-01,46.9048,-110.3261,ND,2017-06,2081.0,4.52%
North Dakota,2018-09-01,46.9048,-110.3261,ND,2017-06,2097.0,5.32%
North Dakota,2018-10-01,46.9048,-110.3261,ND,2017-06,2102.0,5.58%
North Dakota,2018-11-01,46.9048,-110.3261,ND,2017-06,2128.0,6.88%
North Dakota,2018-12-01,46.9048,-110.3261,ND,2017-06,2179.0,9.44%
North Dakota,2019-01-01,46.9048,-110.3261,ND,2017-06,2175.0,9.24%
North Dakota,2019-02-01,46.9048,-110.3261,ND,2017-06,2143.0,7.63%
North Dakota,2019-03-01,46.9048,-110.3261,ND,2017-06,2153.0,8.14%
North Dakota,2019-04-01,46.9048,-110.3261,ND,2017-06,2121.0,6.53%
North Dakota,2019-05-01,46.9048,-110.3261,ND,2017-06,2086.0,4.77%
Nebraska,2017-06-01,35.6411,-79.8431,NE,2017-06,32232.0,0.00%
Nebraska,2017-07-01,35.6411,-79.8431,NE,2017-06,32387.0,0.48%
Nebraska,2017-08-01,35.6411,-79.8431,NE,2017-06,32536.0,0.94%
Nebraska,2017-09-01,35.6411,-79.8431,NE,2017-06,31847.0,-1.19%
Nebraska,2017-10-01,35.6411,-79.8431,NE,2017-06,32177.0,-0.17%
Nebraska,2017-11-01,35.6411,-79.8431,NE,2017-06,32589.0,1.11%
Nebraska,2017-12-01,35.6411,-79.8431,NE,2017-06,33139.0,2.81%
Nebraska,2018-01-01,35.6411,-79.8431,NE,2017-06,33461.0,3.81%
Nebraska,2018-02-01,35.6411,-79.8431,NE,2017-06,33822.0,4.93%
Nebraska,2018-03-01,35.6411,-79.8431,NE,2017-06,33737.0,4.67%
Nebraska,2018-04-01,35.6411,-79.8431,NE,2017-06,33889.0,5.14%
Nebraska,2018-05-01,35.6411,-79.8431,NE,2017-06,33411.0,3.66%
Nebraska,2018-06-01,35.6411,-79.8431,NE,2017-06,33927.0,5.26%
Nebraska,2018-07-01,35.6411,-79.8431,NE,2017-06,33314.0,3.36%
Nebraska,2018-08-01,35.6411,-79.8431,NE,2017-06,34242.0,6.24%
Nebraska,2018-09-01,35.6411,-79.8431,NE,2017-06,34272.0,6.33%
Nebraska,2018-10-01,35.6411,-79.8431,NE,2017-06,34249.0,6.26%
Nebraska,2018-11-01,35.6411,-79.8431,NE,2017-06,34213.0,6.15%
Nebraska,2018-12-01,35.6411,-79.8431,NE,2017-06,34541.0,7.16%
Nebraska,2019-01-01,35.6411,-79.8431,NE,2017-06,34645.0,7.49%
Nebraska,2019-02-01,35.6411,-79.8431,NE,2017-06,34695.0,7.64%
Nebraska,2019-03-01,35.6411,-79.8431,NE,2017-06,34385.0,6.68%
Nebraska,2019-04-01,35.6411,-79.8431,NE,2017-06,34279.0,6.35%
Nebraska,2019-05-01,35.6411,-79.8431,NE,2017-06,33337.0,3.43%
New Hampshire,2017-06-01,47.5362,-99.793,NH,2017-06,13587.0,0.00%
New Hampshire,2017-07-01,47.5362,-99.793,NH,2017-06,13898.0,2.29%
New Hampshire,2017-08-01,47.5362,-99.793,NH,2017-06,13725.0,1.02%
New Hampshire,2017-09-01,47.5362,-99.793,NH,2017-06,14192.0,4.45%
New Hampshire,2017-10-01,47.5362,-99.793,NH,2017-06,14091.0,3.71%
New Hampshire,2017-11-01,47.5362,-99.793,NH,2017-06,14799.0,8.92%
New Hampshire,2017-12-01,47.5362,-99.793,NH,2017-06,14727.0,8.39%
New Hampshire,2018-01-01,47.5362,-99.793,NH,2017-06,14661.0,7.90%
New Hampshire,2018-02-01,47.5362,-99.793,NH,2017-06,14606.0,7.50%
New Hampshire,2018-03-01,47.5362,-99.793,NH,2017-06,14487.0,6.62%
New Hampshire,2018-04-01,47.5362,-99.793,NH,2017-06,14212.0,4.60%
New Hampshire,2018-05-01,47.5362,-99.793,NH,2017-06,14160.0,4.22%
New Hampshire,2018-06-01,47.5362,-99.793,NH,2017-06,14388.0,5.90%
New Hampshire,2018-07-01,47.5362,-99.793,NH,2017-06,14508.0,6.78%
New Hampshire,2018-08-01,47.5362,-99.793,NH,2017-06,14312.0,5.34%
New Hampshire,2018-09-01,47.5362,-99.793,NH,2017-06,14604.0,7.49%
New Hampshire,2018-10-01,47.5362,-99.793,NH,2017-06,14477.0,6.55%
New Hampshire,2018-11-01,47.5362,-99.793,NH,2017-06,15084.0,11.02%
New Hampshire,2018-12-01,47.5362,-99.793,NH,2017-06,15387.0,13.25%
New Hampshire,2019-01-01,47.5362,-99.793,NH,2017-06,15304.0,12.64%
New Hampshire,2019-02-01,47.5362,-99.793,NH,2017-06,14932.0,9.90%
New Hampshire,2019-03-01,47.5362,-99.793,NH,2017-06,14921.0,9.82%
New Hampshire,2019-04-01,47.5362,-99.793,NH,2017-06,14728.0,8.40%
New Hampshire,2019-05-01,47.5362,-99.793,NH,2017-06,14595.0,7.42%
New Jersey,2017-06-01,41.1289,-98.2883,NJ,2017-06,203186.0,0.00%
New Jersey,2017-07-01,41.1289,-98.2883,NJ,2017-06,202537.0,-0.32%
New Jersey,2017-08-01,41.1289,-98.2883,NJ,2017-06,201402.0,-0.88%
New Jersey,2017-09-01,41.1289,-98.2883,NJ,2017-06,202356.0,-0.41%
New Jersey,2017-10-01,41.1289,-98.2883,NJ,2017-06,201872.0,-0.65%
New Jersey,2017-11-01,41.1289,-98.2883,NJ,2017-06,203479.0,0.14%
New Jersey,2017-12-01,41.1289,-98.2883,NJ,2017-06,203439.0,0.12%
New Jersey,2018-01-01,41.1289,-98.2883,NJ,2017-06,204773.0,0.78%
New Jersey,2018-02-01,41.1289,-98.2883,NJ,2017-06,207908.0,2.32%
New Jersey,2018-03-01,41.1289,-98.2883,NJ,2017-06,207547.0,2.15%
New Jersey,2018-04-01,41.1289,-98.2883,NJ,2017-06,212182.0,4.43%
New Jersey,2018-05-01,41.1289,-98.2883,NJ,2017-06,212461.0,4.56%
New Jersey,2018-06-01,41.1289,-98.2883,NJ,2017-06,214211.0,5.43%
New Jersey,2018-07-01,41.1289,-98.2883,NJ,2017-06,213475.0,5.06%
New Jersey,2018-08-01,41.1289,-98.2883,NJ,2017-06,212261.0,4.47%
New Jersey,2018-09-01,41.1289,-98.2883,NJ,2017-06,211332.0,4.01%
New Jersey,2018-10-01,41.1289,-98.2883,NJ,2017-06,212381.0,4.53%
New Jersey,2018-11-01,41.1289,-98.2883,NJ,2017-06,210122.0,3.41%
New Jersey,2018-12-01,41.1289,-98.2883,NJ,2017-06,210823.0,3.76%
New Jersey,2019-01-01,41.1289,-98.2883,NJ,2017-06,210515.0,3.61%
New Jersey,2019-02-01,41.1289,-98.2883,NJ,2017-06,210864.0,3.78%
New Jersey,2019-03-01,41.1289,-98.2883,NJ,2017-06,212761.0,4.71%
New Jersey,2019-04-01,41.1289,-98.2883,NJ,2017-06,218373.0,7.47%
New Jersey,2019-05-01,41.1289,-98.2883,NJ,2017-06,218795.0,7.68%
New Mexico,2017-06-01,43.4108,-71.5653,NM,2017-06,12155.0,0.00%
New Mexico,2017-07-01,43.4108,-71.5653,NM,2017-06,11871.0,-2.34%
New Mexico,2017-08-01,43.4108,-71.5653,NM,2017-06,11347.0,-6.65%
New Mexico,2017-09-01,43.4108,-71.5653,NM,2017-06,10784.0,-11.28%
New Mexico,2017-10-01,43.4108,-71.5653,NM,2017-06,10668.0,-12.23%
New Mexico,2017-11-01,43.4108,-71.5653,NM,2017-06,10498.0,-13.63%
New Mexico,2017-12-01,43.4108,-71.5653,NM,2017-06,10448.0,-14.04%
New Mexico,2018-01-01,43.4108,-71.5653,NM,2017-06,38834.0,219.49%
New Mexico,2018-02-01,43.4108,-71.5653,NM,2017-06,38773.0,218.99%
New Mexico,2018-03-01,43.4108,-71.5653,NM,2017-06,38779.0,219.04%
New Mexico,2018-04-01,43.4108,-71.5653,NM,2017-06,37707.0,210.22%
New Mexico,2018-05-01,43.4108,-71.5653,NM,2017-06,37101.0,205.23%
New Mexico,2018-06-01,43.4108,-71.5653,NM,2017-06,36768.0,202.49%
New Mexico,2018-07-01,43.4108,-71.5653,NM,2017-06,36149.0,197.40%
New Mexico,2018-08-01,43.4108,-71.5653,NM,2017-06,36151.0,197.42%
New Mexico,2018-09-01,43.4108,-71.5653,NM,2017-06,35894.0,195.30%
New Mexico,2018-10-01,43.4108,-71.5653,NM,2017-06,36381.0,199.31%
New Mexico,2018-11-01,43.4108,-71.5653,NM,2017-06,36796.0,202.72%
New Mexico,2018-12-01,43.4108,-71.5653,NM,2017-06,37104.0,205.26%
New Mexico,2019-01-01,43.4108,-71.5653,NM,2017-06,37215.0,206.17%
New Mexico,2019-02-01,43.4108,-71.5653,NM,2017-06,37557.0,208.98%
New Mexico,2019-03-01,43.4108,-71.5653,NM,2017-06,37853.0,211.42%
New Mexico,2019-04-01,43.4108,-71.5653,NM,2017-06,36938.0,203.89%
New Mexico,2019-05-01,43.4108,-71.5653,NM,2017-06,36947.0,203.97%
Nevada,2017-06-01,40.314,-74.5089,NV,2017-06,38261.0,0.00%
Nevada,2017-07-01,40.314,-74.5089,NV,2017-06,39354.0,2.86%
Nevada,2017-08-01,40.314,-74.5089,NV,2017-06,39580.0,3.45%
Nevada,2017-09-01,40.314,-74.5089,NV,2017-06,39985.0,4.51%
Nevada,2017-10-01,40.314,-74.5089,NV,2017-06,40588.0,6.08%
Nevada,2017-11-01,40.314,-74.5089,NV,2017-06,40530.0,5.93%
Nevada,2017-12-01,40.314,-74.5089,NV,2017-06,40205.0,5.08%
Nevada,2018-01-01,40.314,-74.5089,NV,2017-06,40785.0,6.60%
Nevada,2018-02-01,40.314,-74.5089,NV,2017-06,41157.0,7.57%
Nevada,2018-03-01,40.314,-74.5089,NV,2017-06,41186.0,7.64%
Nevada,2018-04-01,40.314,-74.5089,NV,2017-06,40974.0,7.09%
Nevada,2018-05-01,40.314,-74.5089,NV,2017-06,40912.0,6.93%
Nevada,2018-06-01,40.314,-74.5089,NV,2017-06,40434.0,5.68%
Nevada,2018-07-01,40.314,-74.5089,NV,2017-06,41000.0,7.16%
Nevada,2018-08-01,40.314,-74.5089,NV,2017-06,41555.0,8.61%
Nevada,2018-09-01,40.314,-74.5089,NV,2017-06,41266.0,7.85%
Nevada,2018-10-01,40.314,-74.5089,NV,2017-06,41390.0,8.18%
Nevada,2018-11-01,40.314,-74.5089,NV,2017-06,41532.0,8.55%
Nevada,2018-12-01,40.314,-74.5089,NV,2017-06,41683.0,8.94%
Nevada,2019-01-01,40.314,-74.5089,NV,2017-06,41904.0,9.52%
Nevada,2019-02-01,40.314,-74.5089,NV,2017-06,42170.0,10.22%
Nevada,2019-03-01,40.314,-74.5089,NV,2017-06,42299.0,10.55%
Nevada,2019-04-01,40.314,-74.5089,NV,2017-06,40609.0,6.14%
Nevada,2019-05-01,40.314,-74.5089,NV,2017-06,41943.0,9.62%
New York,2017-06-01,34.8375,-106.2371,NY,2017-06,570441.0,0.00%
New York,2017-07-01,34.8375,-106.2371,NY,2017-06,575469.0,0.88%
New York,2017-08-01,34.8375,-106.2371,NY,2017-06,577653.0,1.26%
New York,2017-09-01,34.8375,-106.2371,NY,2017-06,585249.0,2.60%
New York,2017-10-01,34.8375,-106.2371,NY,2017-06,589113.0,3.27%
New York,2017-11-01,34.8375,-106.2371,NY,2017-06,597439.0,4.73%
New York,2017-12-01,34.8375,-106.2371,NY,2017-06,601490.0,5.44%
New York,2018-01-01,34.8375,-106.2371,NY,2017-06,600981.0,5.35%
New York,2018-02-01,34.8375,-106.2371,NY,2017-06,603583.0,5.81%
New York,2018-03-01,34.8375,-106.2371,NY,2017-06,614770.0,7.77%
New York,2018-04-01,34.8375,-106.2371,NY,2017-06,611872.0,7.26%
New York,2018-05-01,34.8375,-106.2371,NY,2017-06,615882.0,7.97%
New York,2018-06-01,34.8375,-106.2371,NY,2017-06,619624.0,8.62%
New York,2018-07-01,34.8375,-106.2371,NY,2017-06,625246.0,9.61%
New York,2018-08-01,34.8375,-106.2371,NY,2017-06,625851.0,9.71%
New York,2018-09-01,34.8375,-106.2371,NY,2017-06,629160.0,10.29%
New York,2018-10-01,34.8375,-106.2371,NY,2017-06,633714.0,11.09%
New York,2018-11-01,34.8375,-106.2371,NY,2017-06,637727.0,11.80%
New York,2018-12-01,34.8375,-106.2371,NY,2017-06,640357.0,12.26%
New York,2019-01-01,34.8375,-106.2371,NY,2017-06,646132.0,13.27%
New York,2019-02-01,34.8375,-106.2371,NY,2017-06,650192.0,13.98%
New York,2019-03-01,34.8375,-106.2371,NY,2017-06,656707.0,15.12%
New York,2019-04-01,34.8375,-106.2371,NY,2017-06,658826.0,15.49%
New York,2019-05-01,34.8375,-106.2371,NY,2017-06,661040.0,15.88%
Ohio,2017-06-01,38.4199,-117.1219,OH,2017-06,215896.0,0.00%
Ohio,2017-07-01,38.4199,-117.1219,OH,2017-06,215933.0,0.02%
Ohio,2017-08-01,38.4199,-117.1219,OH,2017-06,215678.0,-0.10%
Ohio,2017-09-01,38.4199,-117.1219,OH,2017-06,217085.0,0.55%
Ohio,2017-10-01,38.4199,-117.1219,OH,2017-06,218023.0,0.99%
Ohio,2017-11-01,38.4199,-117.1219,OH,2017-06,217576.0,0.78%
Ohio,2017-12-01,38.4199,-117.1219,OH,2017-06,216650.0,0.35%
Ohio,2018-01-01,38.4199,-117.1219,OH,2017-06,214744.0,-0.53%
Ohio,2018-02-01,38.4199,-117.1219,OH,2017-06,216117.0,0.10%
Ohio,2018-03-01,38.4199,-117.1219,OH,2017-06,216240.0,0.16%
Ohio,2018-04-01,38.4199,-117.1219,OH,2017-06,216216.0,0.15%
Ohio,2018-05-01,38.4199,-117.1219,OH,2017-06,218044.0,0.99%
Ohio,2018-06-01,38.4199,-117.1219,OH,2017-06,219076.0,1.47%
Ohio,2018-07-01,38.4199,-117.1219,OH,2017-06,219707.0,1.77%
Ohio,2018-08-01,38.4199,-117.1219,OH,2017-06,219853.0,1.83%
Ohio,2018-09-01,38.4199,-117.1219,OH,2017-06,220032.0,1.92%
Ohio,2018-10-01,38.4199,-117.1219,OH,2017-06,216867.0,0.45%
Ohio,2018-11-01,38.4199,-117.1219,OH,2017-06,213114.0,-1.29%
Ohio,2018-12-01,38.4199,-117.1219,OH,2017-06,210446.0,-2.52%
Ohio,2019-01-01,38.4199,-117.1219,OH,2017-06,206210.0,-4.49%
Ohio,2019-02-01,38.4199,-117.1219,OH,2017-06,205677.0,-4.73%
Ohio,2019-03-01,38.4199,-117.1219,OH,2017-06,204555.0,-5.25%
Ohio,2019-04-01,38.4199,-117.1219,OH,2017-06,202796.0,-6.07%
Ohio,2019-05-01,38.4199,-117.1219,OH,2017-06,201348.0,-6.74%
Oklahoma,2017-06-01,42.1497,-74.9384,OK,2017-06,115550.0,0.00%
Oklahoma,2017-07-01,42.1497,-74.9384,OK,2017-06,118382.0,2.45%
Oklahoma,2017-08-01,42.1497,-74.9384,OK,2017-06,115208.0,-0.30%
Oklahoma,2017-09-01,42.1497,-74.9384,OK,2017-06,113333.0,-1.92%
Oklahoma,2017-10-01,42.1497,-74.9384,OK,2017-06,117693.0,1.85%
Oklahoma,2017-11-01,42.1497,-74.9384,OK,2017-06,116533.0,0.85%
Oklahoma,2017-12-01,42.1497,-74.9384,OK,2017-06,112824.0,-2.36%
Oklahoma,2018-01-01,42.1497,-74.9384,OK,2017-06,120519.0,4.30%
Oklahoma,2018-02-01,42.1497,-74.9384,OK,2017-06,120176.0,4.00%
Oklahoma,2018-03-01,42.1497,-74.9384,OK,2017-06,117817.0,1.96%
Oklahoma,2018-04-01,42.1497,-74.9384,OK,2017-06,119904.0,3.77%
Oklahoma,2018-05-01,42.1497,-74.9384,OK,2017-06,118201.0,2.29%
Oklahoma,2018-06-01,42.1497,-74.9384,OK,2017-06,116109.0,0.48%
Oklahoma,2018-07-01,42.1497,-74.9384,OK,2017-06,121297.0,4.97%
Oklahoma,2018-08-01,42.1497,-74.9384,OK,2017-06,119626.0,3.53%
Oklahoma,2018-09-01,42.1497,-74.9384,OK,2017-06,117332.0,1.54%
Oklahoma,2018-10-01,42.1497,-74.9384,OK,2017-06,121857.0,5.46%
Oklahoma,2018-11-01,42.1497,-74.9384,OK,2017-06,121644.0,5.27%
Oklahoma,2018-12-01,42.1497,-74.9384,OK,2017-06,117858.0,2.00%
Oklahoma,2019-01-01,42.1497,-74.9384,OK,2017-06,120419.0,4.21%
Oklahoma,2019-02-01,42.1497,-74.9384,OK,2017-06,124533.0,7.77%
Oklahoma,2019-03-01,42.1497,-74.9384,OK,2017-06,119550.0,3.46%
Oklahoma,2019-04-01,42.1497,-74.9384,OK,2017-06,121150.0,4.85%
Oklahoma,2019-05-01,42.1497,-74.9384,OK,2017-06,120601.0,4.37%
Oregon,2017-06-01,40.3736,-82.7755,OR,2017-06,114426.0,0.00%
Oregon,2017-07-01,40.3736,-82.7755,OR,2017-06,116726.0,2.01%
Oregon,2017-08-01,40.3736,-82.7755,OR,2017-06,118118.0,3.23%
Oregon,2017-09-01,40.3736,-82.7755,OR,2017-06,119241.0,4.21%
Oregon,2017-10-01,40.3736,-82.7755,OR,2017-06,122323.0,6.90%
Oregon,2017-11-01,40.3736,-82.7755,OR,2017-06,123914.0,8.29%
Oregon,2017-12-01,40.3736,-82.7755,OR,2017-06,125166.0,9.39%
Oregon,2018-01-01,40.3736,-82.7755,OR,2017-06,124508.0,8.81%
Oregon,2018-02-01,40.3736,-82.7755,OR,2017-06,125920.0,10.04%
Oregon,2018-03-01,40.3736,-82.7755,OR,2017-06,125730.0,9.88%
Oregon,2018-04-01,40.3736,-82.7755,OR,2017-06,125805.0,9.94%
Oregon,2018-05-01,40.3736,-82.7755,OR,2017-06,124669.0,8.95%
Oregon,2018-06-01,40.3736,-82.7755,OR,2017-06,124271.0,8.60%
Oregon,2018-07-01,40.3736,-82.7755,OR,2017-06,126029.0,10.14%
Oregon,2018-08-01,40.3736,-82.7755,OR,2017-06,125787.0,9.93%
Oregon,2018-09-01,40.3736,-82.7755,OR,2017-06,123868.0,8.25%
Oregon,2018-10-01,40.3736,-82.7755,OR,2017-06,126789.0,10.80%
Oregon,2018-11-01,40.3736,-82.7755,OR,2017-06,126588.0,10.63%
Oregon,2018-12-01,40.3736,-82.7755,OR,2017-06,124195.0,8.54%
Oregon,2019-01-01,40.3736,-82.7755,OR,2017-06,127612.0,11.52%
Oregon,2019-02-01,40.3736,-82.7755,OR,2017-06,126014.0,10.13%
Oregon,2019-03-01,40.3736,-82.7755,OR,2017-06,128609.0,12.39%
Oregon,2019-04-01,40.3736,-82.7755,OR,2017-06,127999.0,11.86%
Oregon,2019-05-01,40.3736,-82.7755,OR,2017-06,128168.0,12.01%
Pennsylvania,2017-06-01,35.5376,-96.9247,PA,2017-06,176571.0,0.00%
Pennsylvania,2017-07-01,35.5376,-96.9247,PA,2017-06,176241.0,-0.19%
Pennsylvania,2017-08-01,35.5376,-96.9247,PA,2017-06,176677.0,0.06%
Pennsylvania,2017-09-01,35.5376,-96.9247,PA,2017-06,176918.0,0.20%
Pennsylvania,2017-10-01,35.5376,-96.9247,PA,2017-06,178707.0,1.21%
Pennsylvania,2017-11-01,35.5376,-96.9247,PA,2017-06,180162.0,2.03%
Pennsylvania,2017-12-01,35.5376,-96.9247,PA,2017-06,180999.0,2.51%
Pennsylvania,2018-01-01,35.5376,-96.9247,PA,2017-06,181554.0,2.82%
Pennsylvania,2018-02-01,35.5376,-96.9247,PA,2017-06,180832.0,2.41%
Pennsylvania,2018-03-01,35.5376,-96.9247,PA,2017-06,181603.0,2.85%
Pennsylvania,2018-04-01,35.5376,-96.9247,PA,2017-06,178039.0,0.83%
Pennsylvania,2018-05-01,35.5376,-96.9247,PA,2017-06,178646.0,1.18%
Pennsylvania,2018-06-01,35.5376,-96.9247,PA,2017-06,178355.0,1.01%
Pennsylvania,2018-07-01,35.5376,-96.9247,PA,2017-06,178301.0,0.98%
Pennsylvania,2018-08-01,35.5376,-96.9247,PA,2017-06,178594.0,1.15%
Pennsylvania,2018-09-01,35.5376,-96.9247,PA,2017-06,178523.0,1.11%
Pennsylvania,2018-10-01,35.5376,-96.9247,PA,2017-06,179981.0,1.93%
Pennsylvania,2018-11-01,35.5376,-96.9247,PA,2017-06,180260.0,2.09%
Pennsylvania,2018-12-01,35.5376,-96.9247,PA,2017-06,179241.0,1.51%
Pennsylvania,2019-01-01,35.5376,-96.9247,PA,2017-06,180902.0,2.45%
Pennsylvania,2019-02-01,35.5376,-96.9247,PA,2017-06,180970.0,2.49%
Pennsylvania,2019-03-01,35.5376,-96.9247,PA,2017-06,181385.0,2.73%
Pennsylvania,2019-04-01,35.5376,-96.9247,PA,2017-06,182972.0,3.63%
Pennsylvania,2019-05-01,35.5376,-96.9247,PA,2017-06,183564.0,3.96%
Rhode Island,2017-06-01,44.5672,-122.1269,RI,2017-06,24649.0,0.00%
Rhode Island,2017-07-01,44.5672,-122.1269,RI,2017-06,25187.0,2.18%
Rhode Island,2017-08-01,44.5672,-122.1269,RI,2017-06,26437.0,7.25%
Rhode Island,2017-09-01,44.5672,-122.1269,RI,2017-06,27398.0,11.15%
Rhode Island,2017-10-01,44.5672,-122.1269,RI,2017-06,28012.0,13.64%
Rhode Island,2017-11-01,44.5672,-122.1269,RI,2017-06,29125.0,18.16%
Rhode Island,2017-12-01,44.5672,-122.1269,RI,2017-06,29323.0,18.96%
Rhode Island,2018-01-01,44.5672,-122.1269,RI,2017-06,29944.0,21.48%
Rhode Island,2018-02-01,44.5672,-122.1269,RI,2017-06,29544.0,19.86%
Rhode Island,2018-03-01,44.5672,-122.1269,RI,2017-06,29606.0,20.11%
Rhode Island,2018-04-01,44.5672,-122.1269,RI,2017-06,29890.0,21.26%
Rhode Island,2018-05-01,44.5672,-122.1269,RI,2017-06,30199.0,22.52%
Rhode Island,2018-06-01,44.5672,-122.1269,RI,2017-06,30534.0,23.88%
Rhode Island,2018-07-01,44.5672,-122.1269,RI,2017-06,30941.0,25.53%
Rhode Island,2018-08-01,44.5672,-122.1269,RI,2017-06,31614.0,28.26%
Rhode Island,2018-09-01,44.5672,-122.1269,RI,2017-06,31873.0,29.31%
Rhode Island,2018-10-01,44.5672,-122.1269,RI,2017-06,32239.0,30.79%
Rhode Island,2018-11-01,44.5672,-122.1269,RI,2017-06,32410.0,31.49%
Rhode Island,2018-12-01,44.5672,-122.1269,RI,2017-06,32669.0,32.54%
Rhode Island,2019-01-01,44.5672,-122.1269,RI,2017-06,33085.0,34.22%
Rhode Island,2019-02-01,44.5672,-122.1269,RI,2017-06,32629.0,32.37%
Rhode Island,2019-03-01,44.5672,-122.1269,RI,2017-06,33247.0,34.88%
Rhode Island,2019-04-01,44.5672,-122.1269,RI,2017-06,30759.0,24.79%
Rhode Island,2019-05-01,44.5672,-122.1269,RI,2017-06,31626.0,28.31%
South Carolina,2017-06-01,40.5773,-77.264,SC,2017-06,77066.0,0.00%
South Carolina,2017-07-01,40.5773,-77.264,SC,2017-06,77267.0,0.26%
South Carolina,2017-08-01,40.5773,-77.264,SC,2017-06,78498.0,1.86%
South Carolina,2017-09-01,40.5773,-77.264,SC,2017-06,79644.0,3.35%
South Carolina,2017-10-01,40.5773,-77.264,SC,2017-06,81007.0,5.11%
South Carolina,2017-11-01,40.5773,-77.264,SC,2017-06,81718.0,6.04%
South Carolina,2017-12-01,40.5773,-77.264,SC,2017-06,82151.0,6.60%
South Carolina,2018-01-01,40.5773,-77.264,SC,2017-06,82425.0,6.95%
South Carolina,2018-02-01,40.5773,-77.264,SC,2017-06,84132.0,9.17%
South Carolina,2018-03-01,40.5773,-77.264,SC,2017-06,83065.0,7.78%
South Carolina,2018-04-01,40.5773,-77.264,SC,2017-06,84991.0,10.28%
South Carolina,2018-05-01,40.5773,-77.264,SC,2017-06,86168.0,11.81%
South Carolina,2018-06-01,40.5773,-77.264,SC,2017-06,85135.0,10.47%
South Carolina,2018-07-01,40.5773,-77.264,SC,2017-06,88267.0,14.53%
South Carolina,2018-08-01,40.5773,-77.264,SC,2017-06,85794.0,11.33%
South Carolina,2018-09-01,40.5773,-77.264,SC,2017-06,88407.0,14.72%
South Carolina,2018-10-01,40.5773,-77.264,SC,2017-06,88427.0,14.74%
South Carolina,2018-11-01,40.5773,-77.264,SC,2017-06,86765.0,12.59%
South Carolina,2018-12-01,40.5773,-77.264,SC,2017-06,87698.0,13.80%
South Carolina,2019-01-01,40.5773,-77.264,SC,2017-06,90730.0,17.73%
South Carolina,2019-02-01,40.5773,-77.264,SC,2017-06,89673.0,16.36%
South Carolina,2019-03-01,40.5773,-77.264,SC,2017-06,90951.0,18.02%
South Carolina,2019-04-01,40.5773,-77.264,SC,2017-06,89980.0,16.76%
South Carolina,2019-05-01,40.5773,-77.264,SC,2017-06,90099.0,16.91%
South Dakota,2017-06-01,18.2766,-66.335,SD,2017-06,15656.0,0.00%
South Dakota,2017-07-01,18.2766,-66.335,SD,2017-06,15658.0,0.01%
South Dakota,2017-08-01,18.2766,-66.335,SD,2017-06,15716.0,0.38%
South Dakota,2017-09-01,18.2766,-66.335,SD,2017-06,15873.0,1.39%
South Dakota,2017-10-01,18.2766,-66.335,SD,2017-06,16126.0,3.00%
South Dakota,2017-11-01,18.2766,-66.335,SD,2017-06,16245.0,3.76%
South Dakota,2017-12-01,18.2766,-66.335,SD,2017-06,16408.0,4.80%
South Dakota,2018-01-01,18.2766,-66.335,SD,2017-06,16463.0,5.15%
South Dakota,2018-02-01,18.2766,-66.335,SD,2017-06,16420.0,4.88%
South Dakota,2018-03-01,18.2766,-66.335,SD,2017-06,16217.0,3.58%
South Dakota,2018-04-01,18.2766,-66.335,SD,2017-06,16144.0,3.12%
South Dakota,2018-05-01,18.2766,-66.335,SD,2017-06,16066.0,2.62%
South Dakota,2018-06-01,18.2766,-66.335,SD,2017-06,15900.0,1.56%
South Dakota,2018-07-01,18.2766,-66.335,SD,2017-06,15831.0,1.12%
South Dakota,2018-08-01,18.2766,-66.335,SD,2017-06,15871.0,1.37%
South Dakota,2018-09-01,18.2766,-66.335,SD,2017-06,15798.0,0.91%
South Dakota,2018-10-01,18.2766,-66.335,SD,2017-06,15967.0,1.99%
South Dakota,2018-11-01,18.2766,-66.335,SD,2017-06,15940.0,1.81%
South Dakota,2018-12-01,18.2766,-66.335,SD,2017-06,15920.0,1.69%
South Dakota,2019-01-01,18.2766,-66.335,SD,2017-06,16058.0,2.57%
South Dakota,2019-02-01,18.2766,-66.335,SD,2017-06,16026.0,2.36%
South Dakota,2019-03-01,18.2766,-66.335,SD,2017-06,15924.0,1.71%
South Dakota,2019-04-01,18.2766,-66.335,SD,2017-06,15775.0,0.76%
South Dakota,2019-05-01,18.2766,-66.335,SD,2017-06,15653.0,-0.02%
Tennessee,2017-06-01,41.6772,-71.5101,TN,2017-06,80422.0,0.00%
Tennessee,2017-07-01,41.6772,-71.5101,TN,2017-06,79837.0,-0.73%
Tennessee,2017-08-01,41.6772,-71.5101,TN,2017-06,79542.0,-1.09%
Tennessee,2017-09-01,41.6772,-71.5101,TN,2017-06,78690.0,-2.15%
Tennessee,2017-10-01,41.6772,-71.5101,TN,2017-06,78711.0,-2.13%
Tennessee,2017-11-01,41.6772,-71.5101,TN,2017-06,79944.0,-0.59%
Tennessee,2017-12-01,41.6772,-71.5101,TN,2017-06,80929.0,0.63%
Tennessee,2018-01-01,41.6772,-71.5101,TN,2017-06,80524.0,0.13%
Tennessee,2018-02-01,41.6772,-71.5101,TN,2017-06,79145.0,-1.59%
Tennessee,2018-03-01,41.6772,-71.5101,TN,2017-06,77669.0,-3.42%
Tennessee,2018-04-01,41.6772,-71.5101,TN,2017-06,76320.0,-5.10%
Tennessee,2018-05-01,41.6772,-71.5101,TN,2017-06,75305.0,-6.36%
Tennessee,2018-06-01,41.6772,-71.5101,TN,2017-06,58880.0,-26.79%
Tennessee,2018-07-01,41.6772,-71.5101,TN,2017-06,53142.0,-33.92%
Tennessee,2018-08-01,41.6772,-71.5101,TN,2017-06,52718.0,-34.45%
Tennessee,2018-09-01,41.6772,-71.5101,TN,2017-06,49677.0,-38.23%
Tennessee,2018-10-01,41.6772,-71.5101,TN,2017-06,52617.0,-34.57%
Tennessee,2018-11-01,41.6772,-71.5101,TN,2017-06,52056.0,-35.27%
Tennessee,2018-12-01,41.6772,-71.5101,TN,2017-06,54275.0,-32.51%
Tennessee,2019-01-01,41.6772,-71.5101,TN,2017-06,51990.0,-35.35%
Tennessee,2019-02-01,41.6772,-71.5101,TN,2017-06,54237.0,-32.56%
Tennessee,2019-03-01,41.6772,-71.5101,TN,2017-06,53715.0,-33.21%
Tennessee,2019-04-01,41.6772,-71.5101,TN,2017-06,52198.0,-35.09%
Tennessee,2019-05-01,41.6772,-71.5101,TN,2017-06,53757.0,-33.16%
Texas,2017-06-01,33.8191,-80.9066,TX,2017-06,548770.0,0.00%
Texas,2017-07-01,33.8191,-80.9066,TX,2017-06,559318.0,1.92%
Texas,2017-08-01,33.8191,-80.9066,TX,2017-06,580238.0,5.73%
Texas,2017-09-01,33.8191,-80.9066,TX,2017-06,608688.0,10.92%
Texas,2017-10-01,33.8191,-80.9066,TX,2017-06,543483.0,-0.96%
Texas,2017-11-01,33.8191,-80.9066,TX,2017-06,564554.0,2.88%
Texas,2017-12-01,33.8191,-80.9066,TX,2017-06,583593.0,6.35%
Texas,2018-01-01,33.8191,-80.9066,TX,2017-06,610274.0,11.21%
Texas,2018-02-01,33.8191,-80.9066,TX,2017-06,630754.0,14.94%
Texas,2018-03-01,33.8191,-80.9066,TX,2017-06,683342.0,24.52%
Texas,2018-04-01,33.8191,-80.9066,TX,2017-06,629245.0,14.66%
Texas,2018-05-01,33.8191,-80.9066,TX,2017-06,629754.0,14.76%
Texas,2018-06-01,33.8191,-80.9066,TX,2017-06,657443.0,19.80%
Texas,2018-07-01,33.8191,-80.9066,TX,2017-06,641763.0,16.95%
Texas,2018-08-01,33.8191,-80.9066,TX,2017-06,648139.0,18.11%
Texas,2018-09-01,33.8191,-80.9066,TX,2017-06,608263.0,10.84%
Texas,2018-10-01,33.8191,-80.9066,TX,2017-06,618530.0,12.71%
Texas,2018-11-01,33.8191,-80.9066,TX,2017-06,641741.0,16.94%
Texas,2018-12-01,33.8191,-80.9066,TX,2017-06,606779.0,10.57%
Texas,2019-01-01,33.8191,-80.9066,TX,2017-06,608220.0,10.83%
Texas,2019-02-01,33.8191,-80.9066,TX,2017-06,638916.0,16.43%
Texas,2019-03-01,33.8191,-80.9066,TX,2017-06,635960.0,15.89%
Texas,2019-04-01,33.8191,-80.9066,TX,2017-06,585620.0,6.72%
Texas,2019-05-01,33.8191,-80.9066,TX,2017-06,603928.0,10.05%
Utah,2017-06-01,44.2853,-99.4632,UT,2017-06,47588.0,0.00%
Utah,2017-07-01,44.2853,-99.4632,UT,2017-06,47598.0,0.02%
Utah,2017-08-01,44.2853,-99.4632,UT,2017-06,47976.0,0.82%
Utah,2017-09-01,44.2853,-99.4632,UT,2017-06,47366.0,-0.47%
Utah,2017-10-01,44.2853,-99.4632,UT,2017-06,47110.0,-1.00%
Utah,2017-11-01,44.2853,-99.4632,UT,2017-06,47072.0,-1.08%
Utah,2017-12-01,44.2853,-99.4632,UT,2017-06,47395.0,-0.41%
Utah,2018-01-01,44.2853,-99.4632,UT,2017-06,47296.0,-0.61%
Utah,2018-02-01,44.2853,-99.4632,UT,2017-06,46528.0,-2.23%
Utah,2018-03-01,44.2853,-99.4632,UT,2017-06,45861.0,-3.63%
Utah,2018-04-01,44.2853,-99.4632,UT,2017-06,45862.0,-3.63%
Utah,2018-05-01,44.2853,-99.4632,UT,2017-06,45425.0,-4.55%
Utah,2018-06-01,44.2853,-99.4632,UT,2017-06,44872.0,-5.71%
Utah,2018-07-01,44.2853,-99.4632,UT,2017-06,44341.0,-6.82%
Utah,2018-08-01,44.2853,-99.4632,UT,2017-06,44934.0,-5.58%
Utah,2018-09-01,44.2853,-99.4632,UT,2017-06,44650.0,-6.17%
Utah,2018-10-01,44.2853,-99.4632,UT,2017-06,44362.0,-6.78%
Utah,2018-11-01,44.2853,-99.4632,UT,2017-06,44494.0,-6.50%
Utah,2018-12-01,44.2853,-99.4632,UT,2017-06,43715.0,-8.14%
Utah,2019-01-01,44.2853,-99.4632,UT,2017-06,43531.0,-8.53%
Utah,2019-02-01,44.2853,-99.4632,UT,2017-06,43168.0,-9.29%
Utah,2019-03-01,44.2853,-99.4632,UT,2017-06,41590.0,-12.60%
Utah,2019-04-01,44.2853,-99.4632,UT,2017-06,41966.0,-11.81%
Utah,2019-05-01,44.2853,-99.4632,UT,2017-06,41394.0,-13.02%
Virginia,2017-06-01,35.7449,-86.7489,VA,2017-06,123573.0,0.00%
Virginia,2017-07-01,35.7449,-86.7489,VA,2017-06,125431.0,1.50%
Virginia,2017-08-01,35.7449,-86.7489,VA,2017-06,127762.0,3.39%
Virginia,2017-09-01,35.7449,-86.7489,VA,2017-06,129779.0,5.02%
Virginia,2017-10-01,35.7449,-86.7489,VA,2017-06,129432.0,4.74%
Virginia,2017-11-01,35.7449,-86.7489,VA,2017-06,131771.0,6.63%
Virginia,2017-12-01,35.7449,-86.7489,VA,2017-06,133423.0,7.97%
Virginia,2018-01-01,35.7449,-86.7489,VA,2017-06,134892.0,9.16%
Virginia,2018-02-01,35.7449,-86.7489,VA,2017-06,138374.0,11.98%
Virginia,2018-03-01,35.7449,-86.7489,VA,2017-06,139142.0,12.60%
Virginia,2018-04-01,35.7449,-86.7489,VA,2017-06,139073.0,12.54%
Virginia,2018-05-01,35.7449,-86.7489,VA,2017-06,139184.0,12.63%
Virginia,2018-06-01,35.7449,-86.7489,VA,2017-06,137995.0,11.67%
Virginia,2018-07-01,35.7449,-86.7489,VA,2017-06,139265.0,12.70%
Virginia,2018-08-01,35.7449,-86.7489,VA,2017-06,138837.0,12.35%
Virginia,2018-09-01,35.7449,-86.7489,VA,2017-06,136524.0,10.48%
Virginia,2018-10-01,35.7449,-86.7489,VA,2017-06,139694.0,13.05%
Virginia,2018-11-01,35.7449,-86.7489,VA,2017-06,139096.0,12.56%
Virginia,2018-12-01,35.7449,-86.7489,VA,2017-06,141712.0,14.68%
Virginia,2019-01-01,35.7449,-86.7489,VA,2017-06,142241.0,15.11%
Virginia,2019-02-01,35.7449,-86.7489,VA,2017-06,142345.0,15.19%
Virginia,2019-03-01,35.7449,-86.7489,VA,2017-06,144654.0,17.06%
Virginia,2019-04-01,35.7449,-86.7489,VA,2017-06,142433.0,15.26%
Virginia,2019-05-01,35.7449,-86.7489,VA,2017-06,142551.0,15.36%
Vermont,2017-06-01,31.106,-97.6475,VT,2017-06,4930.0,0.00%
Vermont,2017-07-01,31.106,-97.6475,VT,2017-06,4858.0,-1.46%
Vermont,2017-08-01,31.106,-97.6475,VT,2017-06,4705.0,-4.56%
Vermont,2017-09-01,31.106,-97.6475,VT,2017-06,4641.0,-5.86%
Vermont,2017-10-01,31.106,-97.6475,VT,2017-06,4667.0,-5.33%
Vermont,2017-11-01,31.106,-97.6475,VT,2017-06,4704.0,-4.58%
Vermont,2017-12-01,31.106,-97.6475,VT,2017-06,4662.0,-5.44%
Vermont,2018-01-01,31.106,-97.6475,VT,2017-06,4757.0,-3.51%
Vermont,2018-02-01,31.106,-97.6475,VT,2017-06,4660.0,-5.48%
Vermont,2018-03-01,31.106,-97.6475,VT,2017-06,4666.0,-5.35%
Vermont,2018-04-01,31.106,-97.6475,VT,2017-06,4675.0,-5.17%
Vermont,2018-05-01,31.106,-97.6475,VT,2017-06,4512.0,-8.48%
Vermont,2018-06-01,31.106,-97.6475,VT,2017-06,4362.0,-11.52%
Vermont,2018-07-01,31.106,-97.6475,VT,2017-06,4404.0,-10.67%
Vermont,2018-08-01,31.106,-97.6475,VT,2017-06,4418.0,-10.39%
Vermont,2018-09-01,31.106,-97.6475,VT,2017-06,4359.0,-11.58%
Vermont,2018-10-01,31.106,-97.6475,VT,2017-06,4429.0,-10.16%
Vermont,2018-11-01,31.106,-97.6475,VT,2017-06,4483.0,-9.07%
Vermont,2018-12-01,31.106,-97.6475,VT,2017-06,4525.0,-8.22%
Vermont,2019-01-01,31.106,-97.6475,VT,2017-06,4587.0,-6.96%
Vermont,2019-02-01,31.106,-97.6475,VT,2017-06,4603.0,-6.63%
Vermont,2019-03-01,31.106,-97.6475,VT,2017-06,4676.0,-5.15%
Vermont,2019-04-01,31.106,-97.6475,VT,2017-06,4639.0,-5.90%
Vermont,2019-05-01,31.106,-97.6475,VT,2017-06,4254.0,-13.71%
Washington,2017-06-01,40.1135,-111.8535,WA,2017-06,52342.0,0.00%
Washington,2017-07-01,40.1135,-111.8535,WA,2017-06,53431.0,2.08%
Washington,2017-08-01,40.1135,-111.8535,WA,2017-06,54212.0,3.57%
Washington,2017-09-01,40.1135,-111.8535,WA,2017-06,55272.0,5.60%
Washington,2017-10-01,40.1135,-111.8535,WA,2017-06,56390.0,7.73%
Washington,2017-11-01,40.1135,-111.8535,WA,2017-06,58842.0,12.42%
Washington,2017-12-01,40.1135,-111.8535,WA,2017-06,60191.0,15.00%
Washington,2018-01-01,40.1135,-111.8535,WA,2017-06,61586.0,17.66%
Washington,2018-02-01,40.1135,-111.8535,WA,2017-06,62465.0,19.34%
Washington,2018-03-01,40.1135,-111.8535,WA,2017-06,64245.0,22.74%
Washington,2018-04-01,40.1135,-111.8535,WA,2017-06,60858.0,16.27%
Washington,2018-05-01,40.1135,-111.8535,WA,2017-06,61703.0,17.88%
Washington,2018-06-01,40.1135,-111.8535,WA,2017-06,62476.0,19.36%
Washington,2018-07-01,40.1135,-111.8535,WA,2017-06,63626.0,21.56%
Washington,2018-08-01,40.1135,-111.8535,WA,2017-06,65099.0,24.37%
Washington,2018-09-01,40.1135,-111.8535,WA,2017-06,65922.0,25.94%
Washington,2018-10-01,40.1135,-111.8535,WA,2017-06,66955.0,27.92%
Washington,2018-11-01,40.1135,-111.8535,WA,2017-06,68923.0,31.68%
Washington,2018-12-01,40.1135,-111.8535,WA,2017-06,70468.0,34.63%
Washington,2019-01-01,40.1135,-111.8535,WA,2017-06,70413.0,34.52%
Washington,2019-02-01,40.1135,-111.8535,WA,2017-06,70434.0,34.56%
Washington,2019-03-01,40.1135,-111.8535,WA,2017-06,71654.0,36.90%
Washington,2019-04-01,40.1135,-111.8535,WA,2017-06,65705.0,25.53%
Washington,2019-05-01,40.1135,-111.8535,WA,2017-06,66394.0,26.85%
Wisconsin,2017-06-01,37.768,-78.2057,WI,2017-06,61884.0,0.00%
Wisconsin,2017-07-01,37.768,-78.2057,WI,2017-06,62202.0,0.51%
Wisconsin,2017-08-01,37.768,-78.2057,WI,2017-06,62835.0,1.54%
Wisconsin,2017-09-01,37.768,-78.2057,WI,2017-06,63539.0,2.67%
Wisconsin,2017-10-01,37.768,-78.2057,WI,2017-06,64467.0,4.17%
Wisconsin,2017-11-01,37.768,-78.2057,WI,2017-06,65680.0,6.13%
Wisconsin,2017-12-01,37.768,-78.2057,WI,2017-06,66549.0,7.54%
Wisconsin,2018-01-01,37.768,-78.2057,WI,2017-06,67219.0,8.62%
Wisconsin,2018-02-01,37.768,-78.2057,WI,2017-06,67780.0,9.53%
Wisconsin,2018-03-01,37.768,-78.2057,WI,2017-06,66074.0,6.77%
Wisconsin,2018-04-01,37.768,-78.2057,WI,2017-06,66510.0,7.48%
Wisconsin,2018-05-01,37.768,-78.2057,WI,2017-06,66782.0,7.91%
Wisconsin,2018-06-01,37.768,-78.2057,WI,2017-06,67885.0,9.70%
Wisconsin,2018-07-01,37.768,-78.2057,WI,2017-06,68098.0,10.04%
Wisconsin,2018-08-01,37.768,-78.2057,WI,2017-06,68985.0,11.47%
Wisconsin,2018-09-01,37.768,-78.2057,WI,2017-06,69505.0,12.31%
Wisconsin,2018-10-01,37.768,-78.2057,WI,2017-06,70622.0,14.12%
Wisconsin,2018-11-01,37.768,-78.2057,WI,2017-06,71126.0,14.93%
Wisconsin,2018-12-01,37.768,-78.2057,WI,2017-06,70867.0,14.52%
Wisconsin,2019-01-01,37.768,-78.2057,WI,2017-06,70673.0,14.20%
Wisconsin,2019-02-01,37.768,-78.2057,WI,2017-06,70011.0,13.13%
Wisconsin,2019-03-01,37.768,-78.2057,WI,2017-06,67038.0,8.33%
Wisconsin,2019-04-01,37.768,-78.2057,WI,2017-06,68735.0,11.07%
Wisconsin,2019-05-01,37.768,-78.2057,WI,2017-06,68033.0,9.94%
West Virginia,2017-06-01,18.0001,-64.8199,WV,2017-06,32188.0,0.00%
West Virginia,2017-07-01,18.0001,-64.8199,WV,2017-06,21294.0,-33.84%
West Virginia,2017-08-01,18.0001,-64.8199,WV,2017-06,32285.0,0.30%
West Virginia,2017-09-01,18.0001,-64.8199,WV,2017-06,32746.0,1.73%
West Virginia,2017-10-01,18.0001,-64.8199,WV,2017-06,32838.0,2.02%
West Virginia,2017-11-01,18.0001,-64.8199,WV,2017-06,32569.0,1.18%
West Virginia,2017-12-01,18.0001,-64.8199,WV,2017-06,32565.0,1.17%
West Virginia,2018-01-01,18.0001,-64.8199,WV,2017-06,32877.0,2.14%
West Virginia,2018-02-01,18.0001,-64.8199,WV,2017-06,33100.0,2.83%
West Virginia,2018-03-01,18.0001,-64.8199,WV,2017-06,33473.0,3.99%
West Virginia,2018-04-01,18.0001,-64.8199,WV,2017-06,32762.0,1.78%
West Virginia,2018-05-01,18.0001,-64.8199,WV,2017-06,32774.0,1.82%
West Virginia,2018-06-01,18.0001,-64.8199,WV,2017-06,32717.0,1.64%
West Virginia,2018-07-01,18.0001,-64.8199,WV,2017-06,32863.0,2.10%
West Virginia,2018-08-01,18.0001,-64.8199,WV,2017-06,33348.0,3.60%
West Virginia,2018-09-01,18.0001,-64.8199,WV,2017-06,33432.0,3.86%
West Virginia,2018-10-01,18.0001,-64.8199,WV,2017-06,33553.0,4.24%
West Virginia,2018-11-01,18.0001,-64.8199,WV,2017-06,33461.0,3.95%
West Virginia,2018-12-01,18.0001,-64.8199,WV,2017-06,33328.0,3.54%
West Virginia,2019-01-01,18.0001,-64.8199,WV,2017-06,33631.0,4.48%
West Virginia,2019-02-01,18.0001,-64.8199,WV,2017-06,33747.0,4.84%
West Virginia,2019-03-01,18.0001,-64.8199,WV,2017-06,33868.0,5.22%
West Virginia,2019-04-01,18.0001,-64.8199,WV,2017-06,32940.0,2.34%
West Virginia,2019-05-01,18.0001,-64.8199,WV,2017-06,32983.0,2.47%
Wyoming,2017-06-01,44.0407,-72.7093,WY,2017-06,4264.0,0.00%
Wyoming,2017-07-01,44.0407,-72.7093,WY,2017-06,4234.0,-0.70%
Wyoming,2017-08-01,44.0407,-72.7093,WY,2017-06,4342.0,1.83%
Wyoming,2017-09-01,44.0407,-72.7093,WY,2017-06,4510.0,5.77%
Wyoming,2017-10-01,44.0407,-72.7093,WY,2017-06,4503.0,5.61%
Wyoming,2017-11-01,44.0407,-72.7093,WY,2017-06,4650.0,9.05%
Wyoming,2017-12-01,44.0407,-72.7093,WY,2017-06,4639.0,8.79%
Wyoming,2018-01-01,44.0407,-72.7093,WY,2017-06,4767.0,11.80%
Wyoming,2018-02-01,44.0407,-72.7093,WY,2017-06,4824.0,13.13%
Wyoming,2018-03-01,44.0407,-72.7093,WY,2017-06,4714.0,10.55%
Wyoming,2018-04-01,44.0407,-72.7093,WY,2017-06,4488.0,5.25%
Wyoming,2018-05-01,44.0407,-72.7093,WY,2017-06,4507.0,5.70%
Wyoming,2018-06-01,44.0407,-72.7093,WY,2017-06,4471.0,4.85%
Wyoming,2018-07-01,44.0407,-72.7093,WY,2017-06,4455.0,4.48%
Wyoming,2018-08-01,44.0407,-72.7093,WY,2017-06,4622.0,8.40%
Wyoming,2018-09-01,44.0407,-72.7093,WY,2017-06,4614.0,8.21%
Wyoming,2018-10-01,44.0407,-72.7093,WY,2017-06,4597.0,7.81%
Wyoming,2018-11-01,44.0407,-72.7093,WY,2017-06,4694.0,10.08%
Wyoming,2018-12-01,44.0407,-72.7093,WY,2017-06,4618.0,8.30%
Wyoming,2019-01-01,44.0407,-72.7093,WY,2017-06,4641.0,8.84%
Wyoming,2019-02-01,44.0407,-72.7093,WY,2017-06,4712.0,10.51%
Wyoming,2019-03-01,44.0407,-72.7093,WY,2017-06,4673.0,9.59%
Wyoming,2019-04-01,44.0407,-72.7093,WY,2017-06,4311.0,1.10%
Wyoming,2019-05-01,44.0407,-72.7093,WY,2017-06,4263.0,-0.02%
